{"v":"5.7.0","fr":60,"ip":0,"op":1341,"w":3000,"h":2350,"nm":"Illustration 2","ddd":0,"assets":[{"id":"comp_0","layers":[{"ddd":0,"ind":1,"ty":0,"nm":"blick right Comp 1","parent":7,"refId":"comp_1","sr":1,"ks":{"o":{"a":0,"k":100,"ix":11},"r":{"a":0,"k":0,"ix":10},"p":{"a":0,"k":[118.551,234.836,0],"ix":2},"a":{"a":0,"k":[394.224,365.461,0],"ix":1},"s":{"a":0,"k":[100,100,100],"ix":6}},"ao":0,"hasMask":true,"masksProperties":[{"inv":false,"mode":"a","pt":{"a":0,"k":{"i":[[64.91,0],[0,-64.931],[-64.91,0],[0,64.931]],"o":[[-64.91,0],[0,64.931],[64.91,0],[0,-64.931]],"v":[[394.04,253.488],[276.51,371.057],[394.04,488.626],[511.571,371.057]],"c":true},"ix":1},"o":{"a":0,"k":100,"ix":3},"x":{"a":0,"k":0,"ix":4},"nm":"Mask 1"}],"w":785,"h":742,"ip":0,"op":1341,"st":0,"bm":0},{"ddd":0,"ind":2,"ty":0,"nm":"blick right Comp 1","parent":7,"refId":"comp_1","sr":1,"ks":{"o":{"a":0,"k":100,"ix":11},"r":{"a":0,"k":0,"ix":10},"p":{"a":0,"k":[405.158,237.793,0],"ix":2},"a":{"a":0,"k":[393.025,368.648,0],"ix":1},"s":{"a":0,"k":[100,100,100],"ix":6}},"ao":0,"hasMask":true,"masksProperties":[{"inv":false,"mode":"a","pt":{"a":0,"k":{"i":[[65.21,0],[0,-65.231],[-65.21,0],[0,65.231]],"o":[[-65.21,0],[0,65.231],[65.21,0],[0,-65.231]],"v":[[392.997,253.278],[274.925,371.389],[392.997,489.5],[511.07,371.389]],"c":true},"ix":1},"o":{"a":0,"k":100,"ix":3},"x":{"a":0,"k":0,"ix":4},"nm":"Mask 1"}],"w":785,"h":742,"ip":0,"op":1341,"st":0,"bm":0},{"ddd":0,"ind":3,"ty":4,"nm":"Avatar right","sr":1,"ks":{"o":{"a":0,"k":100,"ix":11},"r":{"a":0,"k":0,"ix":10},"p":{"a":0,"k":[898.059,771.67,0],"ix":2},"a":{"a":0,"k":[7.336,9.394,0],"ix":1},"s":{"a":1,"k":[{"i":{"x":[0,0,0.667],"y":[1,1,1]},"o":{"x":[0.167,0.167,0.167],"y":[0.167,0.167,16.667]},"t":81,"s":[0,0,100]},{"t":131,"s":[600,600,100]}],"ix":6}},"ao":0,"shapes":[{"ty":"gr","it":[{"ind":0,"ty":"sh","ix":1,"ks":{"a":0,"k":{"i":[[0.865,-0.546],[0.079,-0.042],[1.97,-0.016],[1.637,0.86],[0.138,0.084],[-0.194,1.004],[-1.512,1.297],[-1.418,0.012],[-1.022,0.737],[-0.637,-2.615]],"o":[[-0.132,0.087],[-1.627,0.885],[-1.976,0.016],[-0.08,-0.041],[-0.87,-0.533],[0.43,-2.217],[1.063,0.781],[1.355,-0.01],[1.465,1.158],[0.242,0.994]],"v":[[5.782,3.271],[5.464,3.467],[0.012,4.881],[-5.467,3.554],[-5.796,3.364],[-6.892,0.796],[-3.86,-4.897],[-0.063,-3.665],[3.567,-4.851],[6.844,0.69]],"c":true},"ix":2},"nm":"Path 1","mn":"ADBE Vector Shape - Group","hd":false},{"ty":"fl","c":{"a":0,"k":[0.976000019148,0.795999983245,0.344999994016,1],"ix":4},"o":{"a":0,"k":100,"ix":5},"r":1,"bm":0,"nm":"Fill 1","mn":"ADBE Vector Graphic - Fill","hd":false},{"ty":"tr","p":{"a":0,"k":[7.336,13.64],"ix":2},"a":{"a":0,"k":[0,0],"ix":1},"s":{"a":0,"k":[100,100],"ix":3},"r":{"a":0,"k":0,"ix":6},"o":{"a":0,"k":100,"ix":7},"sk":{"a":0,"k":0,"ix":4},"sa":{"a":0,"k":0,"ix":5},"nm":"Transform"}],"nm":"Group 1","np":2,"cix":2,"bm":0,"ix":1,"mn":"ADBE Vector Group","hd":false},{"ty":"gr","it":[{"ind":0,"ty":"sh","ix":1,"ks":{"a":0,"k":{"i":[[0.018,2.292],[-2.291,0.018],[-0.018,-2.291],[2.292,-0.018]],"o":[[-0.019,-2.292],[2.292,-0.019],[0.018,2.292],[-2.291,0.019]],"v":[[-4.153,0.033],[-0.036,-4.156],[4.154,-0.033],[0.032,4.156]],"c":true},"ix":2},"nm":"Path 1","mn":"ADBE Vector Shape - Group","hd":false},{"ty":"fl","c":{"a":0,"k":[0.976000019148,0.795999983245,0.344999994016,1],"ix":4},"o":{"a":0,"k":100,"ix":5},"r":1,"bm":0,"nm":"Fill 1","mn":"ADBE Vector Graphic - Fill","hd":false},{"ty":"tr","p":{"a":0,"k":[7.321,4.425],"ix":2},"a":{"a":0,"k":[0,0],"ix":1},"s":{"a":0,"k":[100,100],"ix":3},"r":{"a":0,"k":0,"ix":6},"o":{"a":0,"k":100,"ix":7},"sk":{"a":0,"k":0,"ix":4},"sa":{"a":0,"k":0,"ix":5},"nm":"Transform"}],"nm":"Group 2","np":2,"cix":2,"bm":0,"ix":2,"mn":"ADBE Vector Group","hd":false}],"ip":0,"op":1341,"st":0,"bm":0},{"ddd":0,"ind":4,"ty":4,"nm":"avatar left","sr":1,"ks":{"o":{"a":0,"k":100,"ix":11},"r":{"a":0,"k":0,"ix":10},"p":{"a":0,"k":[611.422,771.668,0],"ix":2},"a":{"a":0,"k":[7.277,9.317,0],"ix":1},"s":{"a":1,"k":[{"i":{"x":[0,0,0.667],"y":[1,1,1]},"o":{"x":[0.167,0.167,0.167],"y":[0.167,0.167,16.667]},"t":81,"s":[0,0,100]},{"t":131,"s":[600,600,100]}],"ix":6}},"ao":0,"shapes":[{"ty":"gr","it":[{"ind":0,"ty":"sh","ix":1,"ks":{"a":0,"k":{"i":[[0.857,-0.541],[0.079,-0.041],[1.954,-0.016],[1.624,0.853],[0.136,0.084],[-0.194,0.996],[-1.499,1.287],[-1.406,0.012],[-1.014,0.732],[-0.631,-2.593]],"o":[[-0.131,0.086],[-1.614,0.879],[-1.959,0.015],[-0.079,-0.04],[-0.863,-0.529],[0.425,-2.199],[1.054,0.775],[1.343,-0.011],[1.453,1.15],[0.24,0.987]],"v":[[5.735,3.244],[5.419,3.438],[0.011,4.841],[-5.421,3.525],[-5.748,3.336],[-6.834,0.79],[-3.829,-4.856],[-0.062,-3.634],[3.537,-4.811],[6.787,0.684]],"c":true},"ix":2},"nm":"Path 1","mn":"ADBE Vector Shape - Group","hd":false},{"ty":"fl","c":{"a":0,"k":[0.976000019148,0.795999983245,0.344999994016,1],"ix":4},"o":{"a":0,"k":100,"ix":5},"r":1,"bm":0,"nm":"Fill 1","mn":"ADBE Vector Graphic - Fill","hd":false},{"ty":"tr","p":{"a":0,"k":[7.277,13.529],"ix":2},"a":{"a":0,"k":[0,0],"ix":1},"s":{"a":0,"k":[100,100],"ix":3},"r":{"a":0,"k":0,"ix":6},"o":{"a":0,"k":100,"ix":7},"sk":{"a":0,"k":0,"ix":4},"sa":{"a":0,"k":0,"ix":5},"nm":"Transform"}],"nm":"Group 1","np":2,"cix":2,"bm":0,"ix":1,"mn":"ADBE Vector Group","hd":false},{"ty":"gr","it":[{"ind":0,"ty":"sh","ix":1,"ks":{"a":0,"k":{"i":[[0.018,2.272],[-2.273,0.018],[-0.017,-2.274],[2.273,-0.018]],"o":[[-0.019,-2.272],[2.272,-0.018],[0.019,2.272],[-2.272,0.018]],"v":[[-4.119,0.033],[-0.035,-4.122],[4.119,-0.032],[0.031,4.122]],"c":true},"ix":2},"nm":"Path 1","mn":"ADBE Vector Shape - Group","hd":false},{"ty":"fl","c":{"a":0,"k":[0.976000019148,0.795999983245,0.344999994016,1],"ix":4},"o":{"a":0,"k":100,"ix":5},"r":1,"bm":0,"nm":"Fill 1","mn":"ADBE Vector Graphic - Fill","hd":false},{"ty":"tr","p":{"a":0,"k":[7.263,4.39],"ix":2},"a":{"a":0,"k":[0,0],"ix":1},"s":{"a":0,"k":[100,100],"ix":3},"r":{"a":0,"k":0,"ix":6},"o":{"a":0,"k":100,"ix":7},"sk":{"a":0,"k":0,"ix":4},"sa":{"a":0,"k":0,"ix":5},"nm":"Transform"}],"nm":"Group 2","np":4,"cix":2,"bm":0,"ix":2,"mn":"ADBE Vector Group","hd":false}],"ip":0,"op":1341,"st":0,"bm":0},{"ddd":0,"ind":5,"ty":4,"nm":"xren blue 1","parent":6,"sr":1,"ks":{"o":{"a":1,"k":[{"i":{"x":[0.833],"y":[0.833]},"o":{"x":[0.167],"y":[0.167]},"t":68,"s":[0]},{"t":83,"s":[100]}],"ix":11},"r":{"a":0,"k":0,"ix":10},"p":{"a":0,"k":[38.079,34.631,0],"ix":2},"a":{"a":0,"k":[11.522,14.126,0],"ix":1},"s":{"a":0,"k":[100,100,100],"ix":6}},"ao":0,"shapes":[{"ty":"gr","it":[{"ind":0,"ty":"sh","ix":1,"ks":{"a":0,"k":{"i":[[-7.865,-0.624],[0.874,0.368],[2.132,3.086],[0.581,1.649],[0.076,2.002],[0,0.277],[-1.291,2.62],[-0.733,-4.708],[0,0]],"o":[[-0.934,-0.233],[-3.504,-1.465],[-0.976,-1.41],[-0.64,-1.8],[-0.017,-0.277],[0,-3.114],[-2.402,3.223],[-3.58,-3.032],[-1.274,15.699]],"v":[[11.272,13.875],[8.559,12.971],[-0.065,5.968],[-2.414,1.362],[-3.515,-4.366],[-3.537,-5.196],[-1.607,-13.875],[-5.511,-1.47],[-9.998,-7.599]],"c":true},"ix":2},"nm":"Path 1","mn":"ADBE Vector Shape - Group","hd":false},{"ty":"fl","c":{"a":0,"k":[0.808000033509,0.905999995213,0.929000016755,1],"ix":4},"o":{"a":0,"k":100,"ix":5},"r":1,"bm":0,"nm":"Fill 1","mn":"ADBE Vector Graphic - Fill","hd":false},{"ty":"tr","p":{"a":0,"k":[11.522,14.125],"ix":2},"a":{"a":0,"k":[0,0],"ix":1},"s":{"a":0,"k":[100,100],"ix":3},"r":{"a":0,"k":0,"ix":6},"o":{"a":0,"k":100,"ix":7},"sk":{"a":0,"k":0,"ix":4},"sa":{"a":0,"k":0,"ix":5},"nm":"Transform"}],"nm":"Group 1","np":2,"cix":2,"bm":0,"ix":1,"mn":"ADBE Vector Group","hd":false}],"ip":0,"op":1341,"st":0,"bm":0},{"ddd":0,"ind":6,"ty":4,"nm":"hand left","sr":1,"ks":{"o":{"a":0,"k":100,"ix":11},"r":{"a":1,"k":[{"i":{"x":[0.61],"y":[0.536]},"o":{"x":[0.167],"y":[0.167]},"t":47,"s":[-80]},{"i":{"x":[0.609],"y":[0.861]},"o":{"x":[0.258],"y":[0.068]},"t":75,"s":[-52.741]},{"i":{"x":[0.703],"y":[1]},"o":{"x":[0.323],"y":[-1.678]},"t":89,"s":[9.031]},{"t":119,"s":[0]}],"ix":10},"p":{"a":1,"k":[{"i":{"x":0.572,"y":0.805},"o":{"x":0.167,"y":0.167},"t":47,"s":[85.529,1338.988,0],"to":[409.177,-6.62,0],"ti":[-86.499,167.576,0]},{"i":{"x":0.496,"y":0.966},"o":{"x":0.333,"y":0.333},"t":78,"s":[599.426,806.341,0],"to":[1.733,-3.357,0],"ti":[-1.202,2.249,0]},{"i":{"x":0,"y":1},"o":{"x":0.182,"y":0.106},"t":82,"s":[597.212,853.052,0],"to":[2.46,-4.604,0],"ti":[0.113,-0.282,0]},{"t":133,"s":[607.529,770.988,0]}],"ix":2},"a":{"a":0,"k":[53.462,29.747,0],"ix":1},"s":{"a":0,"k":[600,600,100],"ix":6}},"ao":0,"shapes":[{"ty":"gr","it":[{"ind":0,"ty":"sh","ix":1,"ks":{"a":1,"k":[{"i":{"x":0.667,"y":1},"o":{"x":0.167,"y":0.167},"t":61,"s":[{"i":[[-0.322,-0.936],[0,0],[1.954,-1.905],[0,0],[0,0],[-0.21,-10.714],[-10.854,0.09],[-1.184,0.235],[-0.392,-0.124],[0,-3.055],[0,0],[0.717,-0.097],[0,0],[0,0],[0,0],[-2.055,1.563],[0,0],[-1.224,0.968],[0,0],[0,0]],"o":[[0,0],[0.895,2.581],[0,0],[0,0],[-7.192,7.712],[0.212,10.85],[1.249,-0.011],[0.403,-0.079],[2.907,0.939],[0,0],[0,0.715],[0,0],[0,0],[0,0],[1.367,-2.18],[0,0],[0.229,-1.544],[0,0],[0,0],[0.774,-0.613]],"v":[[24.296,-47.691],[24.559,-46.939],[22.824,-39.589],[16.343,-33.267],[16.35,-33.259],[-0.335,-2.253],[19.47,16.994],[23.122,16.621],[24.331,16.679],[29.207,23.385],[29.207,24.052],[27.965,25.478],[-18.066,31.83],[-34.545,12.254],[-21.099,-9.233],[-15.929,-14.896],[0.727,-29.454],[2.992,-33.362],[15.644,-43.314],[22.049,-48.347]],"c":true}]},{"t":85,"s":[{"i":[[0.423,-0.895],[0,0],[2.729,0],[0,0],[0,0],[-0.21,-10.714],[-10.854,0.09],[-1.184,0.235],[-0.392,-0.124],[0,-3.055],[0,0],[0.717,-0.097],[0,0],[0,0],[0,0],[-2.055,1.563],[0,0],[-1.552,-0.162],[0,0],[0,0]],"o":[[0,0],[-1.161,2.473],[0,0],[0,0],[-10.533,0.5],[0.212,10.85],[1.249,-0.011],[0.403,-0.079],[2.907,0.939],[0,0],[0,0.715],[0,0],[0,0],[0,0],[1.367,-2.18],[0,0],[1.242,-0.945],[0,0],[0,0],[0.982,0.102]],"v":[[34.122,-27.052],[33.786,-26.33],[27.412,-22.279],[18.358,-22.279],[18.358,-22.268],[-0.335,-2.253],[19.47,16.994],[23.122,16.621],[24.331,16.679],[29.207,23.385],[29.207,24.052],[27.965,25.478],[-18.066,31.83],[-34.545,12.254],[-21.099,-9.233],[-15.929,-14.896],[4.516,-30.452],[8.866,-31.668],[24.873,-29.959],[32.972,-29.091]],"c":true}]}],"ix":2},"nm":"Path 1","mn":"ADBE Vector Shape - Group","hd":false},{"ty":"fl","c":{"a":0,"k":[1,1,1,1],"ix":4},"o":{"a":0,"k":100,"ix":5},"r":1,"bm":0,"nm":"Fill 1","mn":"ADBE Vector Graphic - Fill","hd":false},{"ty":"tr","p":{"a":0,"k":[34.795,32.08],"ix":2},"a":{"a":0,"k":[0,0],"ix":1},"s":{"a":0,"k":[100,100],"ix":3},"r":{"a":0,"k":0,"ix":6},"o":{"a":0,"k":100,"ix":7},"sk":{"a":0,"k":0,"ix":4},"sa":{"a":0,"k":0,"ix":5},"nm":"Transform"}],"nm":"Group 1","np":2,"cix":2,"bm":0,"ix":1,"mn":"ADBE Vector Group","hd":false}],"ip":0,"op":1341,"st":0,"bm":0},{"ddd":0,"ind":7,"ty":0,"nm":"Pre-comp 4","refId":"comp_2","sr":1,"ks":{"o":{"a":0,"k":100,"ix":11},"r":{"a":1,"k":[{"i":{"x":[0.175],"y":[1]},"o":{"x":[0.167],"y":[0.167]},"t":36,"s":[-98]},{"i":{"x":[0.833],"y":[0.833]},"o":{"x":[0.167],"y":[0.167]},"t":59,"s":[8]},{"i":{"x":[0.833],"y":[0.917]},"o":{"x":[0.333],"y":[0]},"t":60,"s":[8]},{"i":{"x":[0.003],"y":[1]},"o":{"x":[0.167],"y":[-0.317]},"t":82,"s":[-7]},{"t":121.19140625,"s":[0]}],"ix":10},"p":{"a":1,"k":[{"i":{"x":0.833,"y":0.855},"o":{"x":0.167,"y":0.167},"t":36,"s":[1334,1013.5,0],"to":[-38.667,20.333,0],"ti":[28,48.5,0]},{"i":{"x":0.833,"y":0.861},"o":{"x":0.167,"y":0.205},"t":60,"s":[1278,955.5,0],"to":[-17,-22.5,0],"ti":[8,-13,0]},{"i":{"x":0,"y":1},"o":{"x":0.085,"y":1},"t":79,"s":[1232.75,954.25,0],"to":[-2.625,1.875,0],"ti":[8.125,5.25,0]},{"t":141,"s":[1222,955.5,0]}],"ix":2},"a":{"a":0,"k":[729,426.5,0],"ix":1},"s":{"a":0,"k":[100,100,100],"ix":6}},"ao":0,"w":729,"h":447,"ip":0,"op":1341,"st":0,"bm":0},{"ddd":0,"ind":8,"ty":4,"nm":"left finger","parent":6,"sr":1,"ks":{"o":{"a":0,"k":100,"ix":11},"r":{"a":1,"k":[{"i":{"x":[0],"y":[1]},"o":{"x":[0.167],"y":[0.167]},"t":105,"s":[38]},{"t":144,"s":[0]}],"ix":10},"p":{"a":0,"k":[46.376,6.942,0],"ix":2},"a":{"a":0,"k":[-1.681,17.9,0],"ix":1},"s":{"a":0,"k":[100,100,100],"ix":6}},"ao":0,"shapes":[{"ty":"gr","it":[{"ind":0,"ty":"sh","ix":1,"ks":{"a":0,"k":{"i":[[0,0],[0,0],[-0.247,-0.871],[1.524,-1.314],[0,0]],"o":[[0,0],[0.779,-0.459],[0.547,1.935],[0,0],[0,0]],"v":[[-11.735,4.438],[9.161,-7.858],[11.188,-7.044],[9.588,-1.717],[-2.041,8.316]],"c":true},"ix":2},"nm":"Path 1","mn":"ADBE Vector Shape - Group","hd":false},{"ty":"fl","c":{"a":0,"k":[0.301999978458,0.501999978458,0.894000004787,1],"ix":4},"o":{"a":0,"k":100,"ix":5},"r":1,"bm":0,"nm":"Fill 1","mn":"ADBE Vector Graphic - Fill","hd":false},{"ty":"tr","p":{"a":0,"k":[11.985,8.567],"ix":2},"a":{"a":0,"k":[0,0],"ix":1},"s":{"a":0,"k":[100,100],"ix":3},"r":{"a":0,"k":0,"ix":6},"o":{"a":0,"k":100,"ix":7},"sk":{"a":0,"k":0,"ix":4},"sa":{"a":0,"k":0,"ix":5},"nm":"Transform"}],"nm":"Group 1","np":2,"cix":2,"bm":0,"ix":1,"mn":"ADBE Vector Group","hd":false}],"ip":102,"op":1341,"st":0,"bm":0}]},{"id":"comp_1","layers":[{"ddd":0,"ind":1,"ty":4,"nm":"blick right 3","sr":1,"ks":{"o":{"a":0,"k":100,"ix":11},"r":{"a":0,"k":0,"ix":10},"p":{"a":1,"k":[{"i":{"x":0.079,"y":1},"o":{"x":0.417,"y":0},"t":40,"s":[453.737,302.933,0],"to":[0.159,0.053,0],"ti":[1,1.189,0]},{"i":{"x":0.103,"y":1},"o":{"x":0.417,"y":0},"t":68,"s":[332.737,436.933,0],"to":[-0.108,-0.129,0],"ti":[-9.982,10.966,0]},{"t":112,"s":[392.631,371.135,0]}],"ix":2},"a":{"a":0,"k":[19.595,18.453,0],"ix":1},"s":{"a":0,"k":[600,600,100],"ix":6}},"ao":0,"shapes":[{"ty":"gr","it":[{"ind":0,"ty":"sh","ix":1,"ks":{"a":0,"k":{"i":[[0,0],[2.96,-1.24],[0,0],[-1.92,2.62]],"o":[[-2.01,2.43],[0,0],[0.431,-3.39],[0,0]],"v":[[54.418,37.848],[46.858,43.458],[-47.918,-29.25],[-44.288,-38.38]],"c":true},"ix":2},"nm":"Path 1","mn":"ADBE Vector Shape - Group","hd":false},{"ty":"fl","c":{"a":0,"k":[1,1,1,1],"ix":4},"o":{"a":0,"k":100,"ix":5},"r":1,"bm":0,"nm":"Fill 1","mn":"ADBE Vector Graphic - Fill","hd":false},{"ty":"tr","p":{"a":0,"k":[17.335,22.027],"ix":2},"a":{"a":0,"k":[0,0],"ix":1},"s":{"a":0,"k":[100,100],"ix":3},"r":{"a":0,"k":0,"ix":6},"o":{"a":0,"k":40,"ix":7},"sk":{"a":0,"k":0,"ix":4},"sa":{"a":0,"k":0,"ix":5},"nm":"Transform"}],"nm":"Group 1","np":2,"cix":2,"bm":0,"ix":1,"mn":"ADBE Vector Group","hd":false},{"ty":"gr","it":[{"ind":0,"ty":"sh","ix":1,"ks":{"a":0,"k":{"i":[[0,0],[0.641,-1.802],[0,0],[-1.883,0.601]],"o":[[-0.076,2.002],[0,0],[1.589,-1.106],[0,0]],"v":[[50.293,33.335],[49.191,39.064],[-45.293,-32.638],[-40.069,-35.23]],"c":true},"ix":2},"nm":"Path 1","mn":"ADBE Vector Shape - Group","hd":false},{"ty":"fl","c":{"a":0,"k":[1,1,1,1],"ix":4},"o":{"a":0,"k":100,"ix":5},"r":1,"bm":0,"nm":"Fill 1","mn":"ADBE Vector Graphic - Fill","hd":false},{"ty":"tr","p":{"a":0,"k":[23.73,12.648],"ix":2},"a":{"a":0,"k":[0,0],"ix":1},"s":{"a":0,"k":[100,100],"ix":3},"r":{"a":0,"k":0,"ix":6},"o":{"a":0,"k":40,"ix":7},"sk":{"a":0,"k":0,"ix":4},"sa":{"a":0,"k":0,"ix":5},"nm":"Transform"}],"nm":"Group 2","np":2,"cix":2,"bm":0,"ix":2,"mn":"ADBE Vector Group","hd":false}],"ip":23,"op":1057,"st":-1,"bm":0}]},{"id":"comp_2","layers":[{"ddd":0,"ind":2,"ty":4,"nm":"xren blue 2","sr":1,"ks":{"o":{"a":0,"k":100,"ix":11},"r":{"a":0,"k":0,"ix":10},"p":{"a":0,"k":[501.61,271.511,0],"ix":2},"a":{"a":0,"k":[11.522,14.125,0],"ix":1},"s":{"a":0,"k":[600,600,100],"ix":6}},"ao":0,"shapes":[{"ty":"gr","it":[{"ind":0,"ty":"sh","ix":1,"ks":{"a":0,"k":{"i":[[7.865,-0.624],[-0.873,0.369],[-2.132,3.087],[-0.581,1.649],[-0.076,2.002],[0,0.276],[1.291,2.62],[0.733,-4.708],[0,0]],"o":[[0.933,-0.233],[3.505,-1.464],[0.976,-1.41],[0.64,-1.801],[0.016,-0.277],[0,-3.114],[2.403,3.222],[3.58,-3.032],[1.275,15.699]],"v":[[-11.272,13.875],[-8.56,12.97],[0.065,5.966],[2.414,1.362],[3.515,-4.366],[3.537,-5.196],[1.524,-13.875],[5.511,-1.47],[9.997,-7.6]],"c":true},"ix":2},"nm":"Path 1","mn":"ADBE Vector Shape - Group","hd":false},{"ty":"fl","c":{"a":0,"k":[0.808000033509,0.905999995213,0.929000016755,1],"ix":4},"o":{"a":0,"k":100,"ix":5},"r":1,"bm":0,"nm":"Fill 1","mn":"ADBE Vector Graphic - Fill","hd":false},{"ty":"tr","p":{"a":0,"k":[11.522,14.126],"ix":2},"a":{"a":0,"k":[0,0],"ix":1},"s":{"a":0,"k":[100,100],"ix":3},"r":{"a":0,"k":0,"ix":6},"o":{"a":0,"k":100,"ix":7},"sk":{"a":0,"k":0,"ix":4},"sa":{"a":0,"k":0,"ix":5},"nm":"Transform"}],"nm":"Group 1","np":2,"cix":2,"bm":0,"ix":1,"mn":"ADBE Vector Group","hd":false}],"ip":0,"op":1341,"st":0,"bm":0},{"ddd":0,"ind":3,"ty":4,"nm":"hand right","sr":1,"ks":{"o":{"a":0,"k":100,"ix":11},"r":{"a":0,"k":0,"ix":10},"p":{"a":0,"k":[520.828,255.986,0],"ix":2},"a":{"a":0,"k":[34.796,32.08,0],"ix":1},"s":{"a":0,"k":[600,600,100],"ix":6}},"ao":0,"shapes":[{"ty":"gr","it":[{"ind":0,"ty":"sh","ix":1,"ks":{"a":0,"k":{"i":[[0,0],[0,0],[0,0],[0,0.716],[0,0],[-2.907,0.938],[-0.403,-0.08],[-1.279,-0.005],[-0.159,10.681],[10.508,0.498],[0,0],[0,0],[1.155,2.474],[0,0],[-0.982,0.103],[0,0],[0,0],[-1.243,-0.944],[0,0],[-1.367,-2.181]],"o":[[0,0],[0,0],[-0.71,-0.098],[0,0],[0,-3.055],[0.392,-0.124],[1.206,0.239],[10.681,0.044],[0.158,-10.665],[0,0],[0,0],[-2.728,0],[0,0],[-0.418,-0.894],[0,0],[0,0],[1.552,-0.162],[0,0],[2.051,1.562],[0,0]],"v":[[34.546,12.254],[18.06,31.83],[-27.971,25.479],[-29.208,24.052],[-29.208,23.385],[-24.332,16.68],[-23.122,16.622],[-19.391,16.994],[0.331,-2.349],[-18.359,-22.262],[-18.359,-22.278],[-27.413,-22.278],[-33.786,-26.33],[-34.128,-27.052],[-32.978,-29.091],[-24.874,-29.959],[-8.867,-31.668],[-4.516,-30.452],[15.928,-14.895],[21.098,-9.232]],"c":true},"ix":2},"nm":"Path 1","mn":"ADBE Vector Shape - Group","hd":false},{"ty":"fl","c":{"a":0,"k":[1,1,1,1],"ix":4},"o":{"a":0,"k":100,"ix":5},"r":1,"bm":0,"nm":"Fill 1","mn":"ADBE Vector Graphic - Fill","hd":false},{"ty":"tr","p":{"a":0,"k":[34.795,32.08],"ix":2},"a":{"a":0,"k":[0,0],"ix":1},"s":{"a":0,"k":[100,100],"ix":3},"r":{"a":0,"k":0,"ix":6},"o":{"a":0,"k":100,"ix":7},"sk":{"a":0,"k":0,"ix":4},"sa":{"a":0,"k":0,"ix":5},"nm":"Transform"}],"nm":"Group 1","np":2,"cix":2,"bm":0,"ix":1,"mn":"ADBE Vector Group","hd":false}],"ip":0,"op":1341,"st":0,"bm":0},{"ddd":0,"ind":6,"ty":4,"nm":"white right circle","sr":1,"ks":{"o":{"a":0,"k":100,"ix":11},"r":{"a":0,"k":0,"ix":10},"p":{"a":0,"k":[404.991,240.09,0],"ix":2},"a":{"a":0,"k":[15.206,15.206,0],"ix":1},"s":{"a":0,"k":[600,600,100],"ix":6}},"ao":0,"shapes":[{"ty":"gr","it":[{"ind":0,"ty":"sh","ix":1,"ks":{"a":0,"k":{"i":[[0,-8.261],[-8.26,0],[0,8.26],[8.26,0]],"o":[[0,8.26],[8.26,0],[0,-8.261],[-8.26,0]],"v":[[-14.956,0],[0,14.956],[14.956,0],[0,-14.956]],"c":true},"ix":2},"nm":"Path 1","mn":"ADBE Vector Shape - Group","hd":false},{"ty":"fl","c":{"a":0,"k":[1,1,1,1],"ix":4},"o":{"a":0,"k":100,"ix":5},"r":1,"bm":0,"nm":"Fill 1","mn":"ADBE Vector Graphic - Fill","hd":false},{"ty":"tr","p":{"a":0,"k":[15.206,15.206],"ix":2},"a":{"a":0,"k":[0,0],"ix":1},"s":{"a":0,"k":[100,100],"ix":3},"r":{"a":0,"k":0,"ix":6},"o":{"a":0,"k":100,"ix":7},"sk":{"a":0,"k":0,"ix":4},"sa":{"a":0,"k":0,"ix":5},"nm":"Transform"}],"nm":"Group 1","np":2,"cix":2,"bm":0,"ix":1,"mn":"ADBE Vector Group","hd":false}],"ip":0,"op":1341,"st":0,"bm":0},{"ddd":0,"ind":7,"ty":4,"nm":"white left circle","sr":1,"ks":{"o":{"a":0,"k":100,"ix":11},"r":{"a":0,"k":0,"ix":10},"p":{"a":0,"k":[118.357,240.09,0],"ix":2},"a":{"a":0,"k":[15.206,15.206,0],"ix":1},"s":{"a":0,"k":[600,600,100],"ix":6}},"ao":0,"shapes":[{"ty":"gr","it":[{"ind":0,"ty":"sh","ix":1,"ks":{"a":0,"k":{"i":[[0,-8.261],[8.261,0],[0,8.26],[-8.26,0]],"o":[[0,8.26],[-8.26,0],[0,-8.261],[8.261,0]],"v":[[14.956,0],[0,14.956],[-14.956,0],[0,-14.956]],"c":true},"ix":2},"nm":"Path 1","mn":"ADBE Vector Shape - Group","hd":false},{"ty":"fl","c":{"a":0,"k":[1,1,1,1],"ix":4},"o":{"a":0,"k":100,"ix":5},"r":1,"bm":0,"nm":"Fill 1","mn":"ADBE Vector Graphic - Fill","hd":false},{"ty":"tr","p":{"a":0,"k":[15.206,15.206],"ix":2},"a":{"a":0,"k":[0,0],"ix":1},"s":{"a":0,"k":[100,100],"ix":3},"r":{"a":0,"k":0,"ix":6},"o":{"a":0,"k":100,"ix":7},"sk":{"a":0,"k":0,"ix":4},"sa":{"a":0,"k":0,"ix":5},"nm":"Transform"}],"nm":"Group 1","np":2,"cix":2,"bm":0,"ix":1,"mn":"ADBE Vector Group","hd":false}],"ip":0,"op":1341,"st":0,"bm":0},{"ddd":0,"ind":8,"ty":4,"nm":"left blue circle","sr":1,"ks":{"o":{"a":0,"k":100,"ix":11},"r":{"a":0,"k":0,"ix":10},"p":{"a":0,"k":[118.246,240.185,0],"ix":2},"a":{"a":0,"k":[19.91,19.915,0],"ix":1},"s":{"a":0,"k":[600,600,100],"ix":6}},"ao":0,"shapes":[{"ty":"gr","it":[{"ind":0,"ty":"sh","ix":1,"ks":{"a":0,"k":{"i":[[0,-10.86],[0.04,-0.46],[0.68,-1.77],[1,-1.38],[0.65,-0.669],[2.69,-1.03],[2.479,0],[0,10.86],[-0.06,0.629],[-1.32,2.33],[-0.66,0.821],[-1.389,1.02],[-1.84,0.65],[-2.3,0]],"o":[[0,0.47],[-0.131,1.97],[-0.62,1.62],[-0.55,0.76],[-1.96,2.031],[-2.18,0.84],[-10.861,0],[0,-0.64],[0.27,-2.79],[0.51,-0.92],[1.08,-1.339],[1.54,-1.14],[2.051,-0.731],[10.86,0]],"v":[[19.66,-0.005],[19.61,1.385],[18.37,7.015],[15.92,11.535],[14.11,13.684],[7.05,18.355],[0,19.665],[-19.66,-0.005],[-19.57,-1.905],[-17.13,-9.655],[-15.37,-12.276],[-11.651,-15.845],[-6.561,-18.545],[0,-19.665]],"c":true},"ix":2},"nm":"Path 1","mn":"ADBE Vector Shape - Group","hd":false},{"ty":"fl","c":{"a":0,"k":[0.301999978458,0.501999978458,0.894000004787,1],"ix":4},"o":{"a":0,"k":100,"ix":5},"r":1,"bm":0,"nm":"Fill 1","mn":"ADBE Vector Graphic - Fill","hd":false},{"ty":"tr","p":{"a":0,"k":[19.91,19.915],"ix":2},"a":{"a":0,"k":[0,0],"ix":1},"s":{"a":0,"k":[100,100],"ix":3},"r":{"a":0,"k":0,"ix":6},"o":{"a":0,"k":100,"ix":7},"sk":{"a":0,"k":0,"ix":4},"sa":{"a":0,"k":0,"ix":5},"nm":"Transform"}],"nm":"Group 1","np":2,"cix":2,"bm":0,"ix":1,"mn":"ADBE Vector Group","hd":false}],"ip":0,"op":1341,"st":0,"bm":0},{"ddd":0,"ind":9,"ty":4,"nm":"right blue circle","sr":1,"ks":{"o":{"a":0,"k":100,"ix":11},"r":{"a":0,"k":0,"ix":10},"p":{"a":0,"k":[404.746,240.333,0],"ix":2},"a":{"a":0,"k":[19.929,19.931,0],"ix":1},"s":{"a":0,"k":[600,600,100],"ix":6}},"ao":0,"shapes":[{"ty":"gr","it":[{"ind":0,"ty":"sh","ix":1,"ks":{"a":0,"k":{"i":[[0,-3.11],[0.02,-0.28],[0.641,-1.8],[0.98,-1.409],[0.38,-0.451],[2.96,-1.24],[0.94,-0.229],[1.68,0],[0,10.859],[-0.09,0.81],[-1.92,2.62],[-0.28,0.34],[-1.42,0.991],[-1.88,0.609],[-2.099,0],[-3.2,-6.519],[0,0]],"o":[[0,0.279],[-0.08,2],[-0.58,1.65],[-0.33,0.481],[-2.01,2.429],[-0.87,0.359],[-1.549,0.401],[-10.87,0],[0,-0.841],[0.431,-3.391],[0.261,-0.359],[1.111,-1.33],[1.589,-1.109],[1.91,-0.611],[7.75,0],[0,0],[1.29,2.62]],"v":[[19.68,0],[19.659,0.83],[18.559,6.561],[16.21,11.16],[15.139,12.561],[7.579,18.171],[4.869,19.069],[-0.001,19.681],[-19.68,0],[-19.531,-2.46],[-15.901,-11.59],[-15.081,-12.641],[-11.26,-16.141],[-6.04,-18.74],[-0.001,-19.681],[17.659,-8.681],[17.669,-8.681]],"c":true},"ix":2},"nm":"Path 1","mn":"ADBE Vector Shape - Group","hd":false},{"ty":"fl","c":{"a":0,"k":[0.301999978458,0.501999978458,0.894000004787,1],"ix":4},"o":{"a":0,"k":100,"ix":5},"r":1,"bm":0,"nm":"Fill 1","mn":"ADBE Vector Graphic - Fill","hd":false},{"ty":"tr","p":{"a":0,"k":[19.929,19.931],"ix":2},"a":{"a":0,"k":[0,0],"ix":1},"s":{"a":0,"k":[100,100],"ix":3},"r":{"a":0,"k":0,"ix":6},"o":{"a":0,"k":100,"ix":7},"sk":{"a":0,"k":0,"ix":4},"sa":{"a":0,"k":0,"ix":5},"nm":"Transform"}],"nm":"Group 1","np":2,"cix":2,"bm":0,"ix":1,"mn":"ADBE Vector Group","hd":false}],"ip":0,"op":1341,"st":0,"bm":0},{"ddd":0,"ind":10,"ty":4,"nm":"binokle shadow ","sr":1,"ks":{"o":{"a":0,"k":100,"ix":11},"r":{"a":0,"k":0,"ix":10},"p":{"a":0,"k":[261.581,207.038,0],"ix":2},"a":{"a":0,"k":[44.517,25.81,0],"ix":1},"s":{"a":0,"k":[600,600,100],"ix":6}},"ao":0,"shapes":[{"ty":"gr","it":[{"ind":0,"ty":"sh","ix":1,"ks":{"a":0,"k":{"i":[[0.771,-11.464],[9.747,-0.615],[3.787,5.293],[0.217,3.818],[1.562,0],[1.259,-0.743],[2.1,-2.924],[7.081,0.427],[0.68,9.744],[-11.31,0],[0,0],[-0.226,1.878],[-0.008,0.06],[-4.028,0.412],[-1.659,-3.004],[-1.21,0],[-1.096,-0.341],[-3.759,-0.385],[-0.561,-4.009],[-0.007,-0.061],[-1.887,0.004],[0,0]],"o":[[-0.655,9.744],[-7.097,0.448],[-2.099,-2.924],[-1.253,-0.738],[-1.563,0],[-0.216,3.819],[-3.782,5.279],[-9.751,-0.588],[-0.801,-11.487],[0,0],[1.89,0.004],[0.007,-0.059],[0.561,-4.009],[3.76,-0.385],[1.096,-0.341],[1.209,0],[1.659,-3.004],[4.028,0.412],[0.009,0.062],[0.224,1.875],[0,0],[11.298,0]],"v":[[43.496,6.87],[25.173,25.112],[7.931,16.94],[4.297,6.672],[0.017,5.511],[-4.27,6.677],[-7.898,16.94],[-25.09,25.116],[-43.465,6.92],[-23.872,-14.131],[-23.831,-14.131],[-20.134,-17.383],[-20.112,-17.561],[-12.216,-25.175],[-3.456,-20.613],[0.017,-21.139],[3.487,-20.613],[12.249,-25.175],[20.143,-17.561],[20.168,-17.378],[23.858,-14.131],[23.9,-14.131]],"c":true},"ix":2},"nm":"Path 1","mn":"ADBE Vector Shape - Group","hd":false},{"ty":"fl","c":{"a":0,"k":[0.122000002394,0.301999978458,0.611999990426,1],"ix":4},"o":{"a":0,"k":100,"ix":5},"r":1,"bm":0,"nm":"Fill 1","mn":"ADBE Vector Graphic - Fill","hd":false},{"ty":"tr","p":{"a":0,"k":[44.516,25.81],"ix":2},"a":{"a":0,"k":[0,0],"ix":1},"s":{"a":0,"k":[100,100],"ix":3},"r":{"a":0,"k":0,"ix":6},"o":{"a":0,"k":100,"ix":7},"sk":{"a":0,"k":0,"ix":4},"sa":{"a":0,"k":0,"ix":5},"nm":"Transform"}],"nm":"Group 1","np":2,"cix":2,"bm":0,"ix":1,"mn":"ADBE Vector Group","hd":false}],"ip":0,"op":1341,"st":0,"bm":0},{"ddd":0,"ind":11,"ty":4,"nm":"right finger","sr":1,"ks":{"o":{"a":0,"k":100,"ix":11},"r":{"a":1,"k":[{"i":{"x":[0],"y":[1]},"o":{"x":[0.167],"y":[0.167]},"t":114,"s":[-36]},{"t":150,"s":[0]}],"ix":10},"p":{"a":0,"k":[428.33,103.163,0],"ix":2},"a":{"a":0,"k":[21.819,17.566,0],"ix":1},"s":{"a":0,"k":[600,600,100],"ix":6}},"ao":0,"shapes":[{"ty":"gr","it":[{"ind":0,"ty":"sh","ix":1,"ks":{"a":0,"k":{"i":[[0,0],[0,0],[0.246,-0.871],[-1.524,-1.314],[0,0]],"o":[[0,0],[-0.779,-0.459],[-0.548,1.935],[0,0],[0,0]],"v":[[11.736,4.438],[-9.161,-7.858],[-11.188,-7.044],[-9.589,-1.717],[2.042,8.316]],"c":true},"ix":2},"nm":"Path 1","mn":"ADBE Vector Shape - Group","hd":false},{"ty":"fl","c":{"a":0,"k":[0.301999978458,0.501999978458,0.894000004787,1],"ix":4},"o":{"a":0,"k":100,"ix":5},"r":1,"bm":0,"nm":"Fill 1","mn":"ADBE Vector Graphic - Fill","hd":false},{"ty":"tr","p":{"a":0,"k":[11.986,8.567],"ix":2},"a":{"a":0,"k":[0,0],"ix":1},"s":{"a":0,"k":[100,100],"ix":3},"r":{"a":0,"k":0,"ix":6},"o":{"a":0,"k":100,"ix":7},"sk":{"a":0,"k":0,"ix":4},"sa":{"a":0,"k":0,"ix":5},"nm":"Transform"}],"nm":"Group 1","np":2,"cix":2,"bm":0,"ix":1,"mn":"ADBE Vector Group","hd":false}],"ip":0,"op":1341,"st":0,"bm":0}]},{"id":"comp_3","layers":[{"ddd":0,"ind":1,"ty":4,"nm":"botinok 1.1","cl":"1","sr":1,"ks":{"o":{"a":0,"k":100,"ix":11},"r":{"a":0,"k":0,"ix":10},"p":{"a":0,"k":[670.932,351.042,0],"ix":2},"a":{"a":0,"k":[44.858,38.778,0],"ix":1},"s":{"a":0,"k":[600,600,100],"ix":6}},"ao":0,"shapes":[{"ty":"gr","it":[{"ind":0,"ty":"sh","ix":1,"ks":{"a":0,"k":{"i":[[0,0],[-1.383,5.767],[5.332,-2.363],[1.691,-2.236],[-2.565,-3.079],[-0.062,-0.07]],"o":[[6.682,-2.705],[1.382,-5.747],[-2.897,1.286],[-2.418,3.196],[0.064,0.077],[0,0]],"v":[[-6.119,9.621],[7.493,-1.312],[-0.161,-7.258],[-6.456,-1.341],[-6.31,9.401],[-6.12,9.621]],"c":true},"ix":2},"nm":"Path 1","mn":"ADBE Vector Shape - Group","hd":false},{"ty":"fl","c":{"a":0,"k":[0.976000019148,0.795999983245,0.344999994016,1],"ix":4},"o":{"a":0,"k":100,"ix":5},"r":1,"bm":0,"nm":"Fill 1","mn":"ADBE Vector Graphic - Fill","hd":false},{"ty":"tr","p":{"a":0,"k":[80.59,9.872],"ix":2},"a":{"a":0,"k":[0,0],"ix":1},"s":{"a":0,"k":[100,100],"ix":3},"r":{"a":0,"k":0,"ix":6},"o":{"a":0,"k":100,"ix":7},"sk":{"a":0,"k":0,"ix":4},"sa":{"a":0,"k":0,"ix":5},"nm":"Transform"}],"nm":"Group 1","np":2,"cix":2,"bm":0,"ix":1,"mn":"ADBE Vector Group","hd":false},{"ty":"gr","it":[{"ind":0,"ty":"sh","ix":1,"ks":{"a":0,"k":{"i":[[0.168,1.673],[0.439,-3.671],[-3.791,1.916],[-1.013,0.579]],"o":[[-3.779,1.354],[-0.386,3.232],[1.854,-0.939],[-3.228,-2.542]],"v":[[1.677,-5.67],[-5.447,-0.256],[1.73,3.754],[5.833,1.522]],"c":true},"ix":2},"nm":"Path 1","mn":"ADBE Vector Shape - Group","hd":false},{"ty":"fl","c":{"a":0,"k":[0.976000019148,0.795999983245,0.344999994016,1],"ix":4},"o":{"a":0,"k":100,"ix":5},"r":1,"bm":0,"nm":"Fill 1","mn":"ADBE Vector Graphic - Fill","hd":false},{"ty":"tr","p":{"a":0,"k":[65.823,19.416],"ix":2},"a":{"a":0,"k":[0,0],"ix":1},"s":{"a":0,"k":[100,100],"ix":3},"r":{"a":0,"k":0,"ix":6},"o":{"a":0,"k":100,"ix":7},"sk":{"a":0,"k":0,"ix":4},"sa":{"a":0,"k":0,"ix":5},"nm":"Transform"}],"nm":"Group 2","np":2,"cix":2,"bm":0,"ix":2,"mn":"ADBE Vector Group","hd":false},{"ty":"gr","it":[{"ind":0,"ty":"sh","ix":1,"ks":{"a":0,"k":{"i":[[0.069,0.064],[-5.794,1.266],[2.471,-5.283],[2.269,-1.645],[3.026,2.627]],"o":[[2.839,-6.626],[5.773,-1.265],[-1.345,2.871],[-3.245,2.352],[-0.076,-0.066]],"v":[[-9.734,5.871],[1.473,-7.517],[7.263,0.256],[1.221,6.431],[-9.516,6.066]],"c":true},"ix":2},"nm":"Path 1","mn":"ADBE Vector Shape - Group","hd":false},{"ty":"fl","c":{"a":0,"k":[0.976000019148,0.795999983245,0.344999994016,1],"ix":4},"o":{"a":0,"k":100,"ix":5},"r":1,"bm":0,"nm":"Fill 1","mn":"ADBE Vector Graphic - Fill","hd":false},{"ty":"tr","p":{"a":0,"k":[35.817,16.052],"ix":2},"a":{"a":0,"k":[0,0],"ix":1},"s":{"a":0,"k":[100,100],"ix":3},"r":{"a":0,"k":0,"ix":6},"o":{"a":0,"k":100,"ix":7},"sk":{"a":0,"k":0,"ix":4},"sa":{"a":0,"k":0,"ix":5},"nm":"Transform"}],"nm":"Group 3","np":2,"cix":2,"bm":0,"ix":3,"mn":"ADBE Vector Group","hd":false},{"ty":"gr","it":[{"ind":0,"ty":"sh","ix":1,"ks":{"a":0,"k":{"i":[[-1.669,-0.202],[3.679,-0.366],[-1.992,3.752],[-0.601,1.001]],"o":[[-1.43,3.75],[-3.238,0.32],[0.977,-1.835],[2.474,3.28]],"v":[[5.706,-1.516],[0.149,5.497],[-3.714,-1.76],[-1.398,-5.817]],"c":true},"ix":2},"nm":"Path 1","mn":"ADBE Vector Shape - Group","hd":false},{"ty":"fl","c":{"a":0,"k":[0.976000019148,0.795999983245,0.344999994016,1],"ix":4},"o":{"a":0,"k":100,"ix":5},"r":1,"bm":0,"nm":"Fill 1","mn":"ADBE Vector Graphic - Fill","hd":false},{"ty":"tr","p":{"a":0,"k":[25.981,30.526],"ix":2},"a":{"a":0,"k":[0,0],"ix":1},"s":{"a":0,"k":[100,100],"ix":3},"r":{"a":0,"k":0,"ix":6},"o":{"a":0,"k":100,"ix":7},"sk":{"a":0,"k":0,"ix":4},"sa":{"a":0,"k":0,"ix":5},"nm":"Transform"}],"nm":"Group 4","np":2,"cix":2,"bm":0,"ix":4,"mn":"ADBE Vector Group","hd":false},{"ty":"gr","it":[{"ind":0,"ty":"sh","ix":1,"ks":{"a":0,"k":{"i":[[-0.074,-0.058],[-0.305,5.922],[4.809,-3.299],[1.253,-2.507],[-3.085,-2.557]],"o":[[6.074,-3.883],[0.306,-5.903],[-2.613,1.795],[-1.792,3.585],[0.078,0.064]],"v":[[-3.779,10.492],[7.603,-2.748],[-1.011,-7.193],[-6.117,-0.224],[-4.007,10.31]],"c":true},"ix":2},"nm":"Path 1","mn":"ADBE Vector Shape - Group","hd":false},{"ty":"fl","c":{"a":0,"k":[0.976000019148,0.795999983245,0.344999994016,1],"ix":4},"o":{"a":0,"k":100,"ix":5},"r":1,"bm":0,"nm":"Fill 1","mn":"ADBE Vector Graphic - Fill","hd":false},{"ty":"tr","p":{"a":0,"k":[47.155,44.052],"ix":2},"a":{"a":0,"k":[0,0],"ix":1},"s":{"a":0,"k":[100,100],"ix":3},"r":{"a":0,"k":0,"ix":6},"o":{"a":0,"k":100,"ix":7},"sk":{"a":0,"k":0,"ix":4},"sa":{"a":0,"k":0,"ix":5},"nm":"Transform"}],"nm":"Group 5","np":2,"cix":2,"bm":0,"ix":5,"mn":"ADBE Vector Group","hd":false},{"ty":"gr","it":[{"ind":0,"ty":"sh","ix":1,"ks":{"a":0,"k":{"i":[[0.472,1.614],[-0.24,-3.689],[-3.376,2.578],[-0.89,0.754]],"o":[[-3.467,2.023],[0.212,3.248],[1.652,-1.263],[-3.64,-1.908]],"v":[[0.425,-5.916],[-5.588,0.711],[2.201,3.338],[5.827,0.393]],"c":true},"ix":2},"nm":"Path 1","mn":"ADBE Vector Shape - Group","hd":false},{"ty":"fl","c":{"a":0,"k":[0.976000019148,0.795999983245,0.344999994016,1],"ix":4},"o":{"a":0,"k":100,"ix":5},"r":1,"bm":0,"nm":"Fill 1","mn":"ADBE Vector Graphic - Fill","hd":false},{"ty":"tr","p":{"a":0,"k":[35.046,56.086],"ix":2},"a":{"a":0,"k":[0,0],"ix":1},"s":{"a":0,"k":[100,100],"ix":3},"r":{"a":0,"k":0,"ix":6},"o":{"a":0,"k":100,"ix":7},"sk":{"a":0,"k":0,"ix":4},"sa":{"a":0,"k":0,"ix":5},"nm":"Transform"}],"nm":"Group 6","np":2,"cix":2,"bm":0,"ix":6,"mn":"ADBE Vector Group","hd":false},{"ty":"gr","it":[{"ind":0,"ty":"sh","ix":1,"ks":{"a":0,"k":{"i":[[0,0],[-4.259,4.127],[-0.681,-5.793],[1.064,-2.594],[3.956,0.639],[0.092,0.018]],"o":[[-1.075,-7.128],[4.242,-4.115],[0.368,3.149],[-1.519,3.708],[-0.099,-0.017],[0,0]],"v":[[-5.04,10.353],[-2.562,-6.93],[6.453,-3.371],[4.566,5.06],[-4.753,10.405],[-5.04,10.354]],"c":true},"ix":2},"nm":"Path 1","mn":"ADBE Vector Shape - Group","hd":false},{"ty":"fl","c":{"a":0,"k":[0.976000019148,0.795999983245,0.344999994016,1],"ix":4},"o":{"a":0,"k":100,"ix":5},"r":1,"bm":0,"nm":"Fill 1","mn":"ADBE Vector Graphic - Fill","hd":false},{"ty":"tr","p":{"a":0,"k":[7.071,53.013],"ix":2},"a":{"a":0,"k":[0,0],"ix":1},"s":{"a":0,"k":[100,100],"ix":3},"r":{"a":0,"k":0,"ix":6},"o":{"a":0,"k":100,"ix":7},"sk":{"a":0,"k":0,"ix":4},"sa":{"a":0,"k":0,"ix":5},"nm":"Transform"}],"nm":"Group 7","np":2,"cix":2,"bm":0,"ix":7,"mn":"ADBE Vector Group","hd":false},{"ty":"gr","it":[{"ind":0,"ty":"sh","ix":1,"ks":{"a":0,"k":{"i":[[-1.525,0.707],[2.935,-2.248],[0.282,4.239],[0.018,1.167]],"o":[[0.759,3.941],[-2.584,1.977],[-0.136,-2.074],[3.831,1.484]],"v":[[3.202,-5.433],[2.169,3.455],[-4.936,-0.681],[-5.104,-5.348]],"c":true},"ix":2},"nm":"Path 1","mn":"ADBE Vector Shape - Group","hd":false},{"ty":"fl","c":{"a":0,"k":[0.976000019148,0.795999983245,0.344999994016,1],"ix":4},"o":{"a":0,"k":100,"ix":5},"r":1,"bm":0,"nm":"Fill 1","mn":"ADBE Vector Graphic - Fill","hd":false},{"ty":"tr","p":{"a":0,"k":[7.326,71.873],"ix":2},"a":{"a":0,"k":[0,0],"ix":1},"s":{"a":0,"k":[100,100],"ix":3},"r":{"a":0,"k":0,"ix":6},"o":{"a":0,"k":100,"ix":7},"sk":{"a":0,"k":0,"ix":4},"sa":{"a":0,"k":0,"ix":5},"nm":"Transform"}],"nm":"Group 8","np":2,"cix":2,"bm":0,"ix":8,"mn":"ADBE Vector Group","hd":false}],"ip":0,"op":1341,"st":0,"bm":0},{"ddd":0,"ind":2,"ty":0,"nm":"Pre-comp 7","refId":"comp_4","sr":1,"ks":{"o":{"a":0,"k":100,"ix":11},"r":{"a":0,"k":0,"ix":10},"p":{"a":0,"k":[750,587.5,0],"ix":2},"a":{"a":0,"k":[354,472.5,0],"ix":1},"s":{"a":0,"k":[100,100,100],"ix":6}},"ao":0,"w":531,"h":454,"ip":0,"op":1341,"st":0,"bm":0}]},{"id":"comp_4","layers":[{"ddd":0,"ind":1,"ty":4,"nm":"botinok 1.2","cl":"2","sr":1,"ks":{"o":{"a":0,"k":100,"ix":11},"r":{"a":0,"k":0,"ix":10},"p":{"a":0,"k":[399.785,101.743,0],"ix":2},"a":{"a":0,"k":[6.24,5.051,0],"ix":1},"s":{"a":0,"k":[600,600,100],"ix":6}},"ao":0,"shapes":[{"ty":"gr","it":[{"ind":0,"ty":"sh","ix":1,"ks":{"a":0,"k":{"i":[[0,0],[0,0],[0,0],[0,0],[0,0],[0,0]],"o":[[0,0],[0,0],[0,0],[0,0],[0,0],[0,0]],"v":[[0.846,-4.802],[1.833,-2.648],[5.003,2.39],[5.99,4.543],[-4.974,4.802],[-5.99,2.583]],"c":true},"ix":2},"nm":"Path 1","mn":"ADBE Vector Shape - Group","hd":false},{"ty":"fl","c":{"a":0,"k":[1,0.573000021542,0.204000001795,1],"ix":4},"o":{"a":0,"k":100,"ix":5},"r":1,"bm":0,"nm":"Fill 1","mn":"ADBE Vector Graphic - Fill","hd":false},{"ty":"tr","p":{"a":0,"k":[6.24,5.051],"ix":2},"a":{"a":0,"k":[0,0],"ix":1},"s":{"a":0,"k":[100,100],"ix":3},"r":{"a":0,"k":0,"ix":6},"o":{"a":0,"k":100,"ix":7},"sk":{"a":0,"k":0,"ix":4},"sa":{"a":0,"k":0,"ix":5},"nm":"Transform"}],"nm":"Group 1","np":2,"cix":2,"bm":0,"ix":1,"mn":"ADBE Vector Group","hd":false}],"ip":0,"op":1341,"st":0,"bm":0},{"ddd":0,"ind":2,"ty":4,"nm":"botinok 1.3","cl":"3","sr":1,"ks":{"o":{"a":0,"k":100,"ix":11},"r":{"a":0,"k":0,"ix":10},"p":{"a":0,"k":[483.405,49.685,0],"ix":2},"a":{"a":0,"k":[9.125,9.872,0],"ix":1},"s":{"a":0,"k":[600,600,100],"ix":6}},"ao":0,"shapes":[{"ty":"gr","it":[{"ind":0,"ty":"sh","ix":1,"ks":{"a":0,"k":{"i":[[-0.062,-0.07],[-1.384,5.767],[5.332,-2.364],[1.691,-2.235],[-2.566,-3.08]],"o":[[6.683,-2.705],[1.381,-5.747],[-2.897,1.286],[-2.417,3.196],[0.064,0.077]],"v":[[-6.119,9.622],[7.494,-1.312],[-0.16,-7.258],[-6.456,-1.342],[-6.309,9.401]],"c":true},"ix":2},"nm":"Path 1","mn":"ADBE Vector Shape - Group","hd":false},{"ty":"fl","c":{"a":0,"k":[1,0.573000021542,0.204000001795,1],"ix":4},"o":{"a":0,"k":100,"ix":5},"r":1,"bm":0,"nm":"Fill 1","mn":"ADBE Vector Graphic - Fill","hd":false},{"ty":"tr","p":{"a":0,"k":[9.125,9.872],"ix":2},"a":{"a":0,"k":[0,0],"ix":1},"s":{"a":0,"k":[100,100],"ix":3},"r":{"a":0,"k":0,"ix":6},"o":{"a":0,"k":100,"ix":7},"sk":{"a":0,"k":0,"ix":4},"sa":{"a":0,"k":0,"ix":5},"nm":"Transform"}],"nm":"Group 1","np":2,"cix":2,"bm":0,"ix":1,"mn":"ADBE Vector Group","hd":false}],"ip":0,"op":1341,"st":0,"bm":0},{"ddd":0,"ind":3,"ty":4,"nm":"botinok 1.4","cl":"4","sr":1,"ks":{"o":{"a":0,"k":100,"ix":11},"r":{"a":0,"k":0,"ix":10},"p":{"a":0,"k":[394.802,106.951,0],"ix":2},"a":{"a":0,"k":[6.084,5.919,0],"ix":1},"s":{"a":0,"k":[600,600,100],"ix":6}},"ao":0,"shapes":[{"ty":"gr","it":[{"ind":0,"ty":"sh","ix":1,"ks":{"a":0,"k":{"i":[[0.168,1.673],[0.439,-3.672],[-3.791,1.916],[-1.013,0.58]],"o":[[-3.778,1.354],[-0.387,3.231],[1.854,-0.939],[-3.229,-2.542]],"v":[[1.677,-5.67],[-5.447,-0.254],[1.73,3.754],[5.833,1.522]],"c":true},"ix":2},"nm":"Path 1","mn":"ADBE Vector Shape - Group","hd":false},{"ty":"fl","c":{"a":0,"k":[1,0.573000021542,0.204000001795,1],"ix":4},"o":{"a":0,"k":100,"ix":5},"r":1,"bm":0,"nm":"Fill 1","mn":"ADBE Vector Graphic - Fill","hd":false},{"ty":"tr","p":{"a":0,"k":[6.083,5.92],"ix":2},"a":{"a":0,"k":[0,0],"ix":1},"s":{"a":0,"k":[100,100],"ix":3},"r":{"a":0,"k":0,"ix":6},"o":{"a":0,"k":100,"ix":7},"sk":{"a":0,"k":0,"ix":4},"sa":{"a":0,"k":0,"ix":5},"nm":"Transform"}],"nm":"Group 1","np":2,"cix":2,"bm":0,"ix":1,"mn":"ADBE Vector Group","hd":false}],"ip":0,"op":1341,"st":0,"bm":0},{"ddd":0,"ind":4,"ty":4,"nm":"botinok 2.1","cl":"1","sr":1,"ks":{"o":{"a":0,"k":100,"ix":11},"r":{"a":0,"k":0,"ix":10},"p":{"a":0,"k":[36.092,311.633,0],"ix":2},"a":{"a":0,"k":[7.071,11.295,0],"ix":1},"s":{"a":0,"k":[600,600,100],"ix":6}},"ao":0,"shapes":[{"ty":"gr","it":[{"ind":0,"ty":"sh","ix":1,"ks":{"a":0,"k":{"i":[[0,0],[-4.258,4.128],[-0.681,-5.792],[1.063,-2.593],[3.956,0.639],[0.092,0.018]],"o":[[-1.075,-7.128],[4.243,-4.115],[0.368,3.149],[-1.519,3.709],[-0.1,-0.016],[0,0]],"v":[[-5.04,10.354],[-2.562,-6.93],[6.452,-3.37],[4.567,5.061],[-4.752,10.406],[-5.04,10.354]],"c":true},"ix":2},"nm":"Path 1","mn":"ADBE Vector Shape - Group","hd":false},{"ty":"fl","c":{"a":0,"k":[1,0.573000021542,0.204000001795,1],"ix":4},"o":{"a":0,"k":100,"ix":5},"r":1,"bm":0,"nm":"Fill 1","mn":"ADBE Vector Graphic - Fill","hd":false},{"ty":"tr","p":{"a":0,"k":[7.07,11.294],"ix":2},"a":{"a":0,"k":[0,0],"ix":1},"s":{"a":0,"k":[100,100],"ix":3},"r":{"a":0,"k":0,"ix":6},"o":{"a":0,"k":100,"ix":7},"sk":{"a":0,"k":0,"ix":4},"sa":{"a":0,"k":0,"ix":5},"nm":"Transform"}],"nm":"Group 1","np":2,"cix":2,"bm":0,"ix":1,"mn":"ADBE Vector Group","hd":false}],"ip":0,"op":1341,"st":0,"bm":0},{"ddd":0,"ind":5,"ty":4,"nm":"botinok 2.2","cl":"2","sr":1,"ks":{"o":{"a":0,"k":100,"ix":11},"r":{"a":0,"k":0,"ix":10},"p":{"a":0,"k":[37.619,424.794,0],"ix":2},"a":{"a":0,"k":[5.355,5.683,0],"ix":1},"s":{"a":0,"k":[600,600,100],"ix":6}},"ao":0,"shapes":[{"ty":"gr","it":[{"ind":0,"ty":"sh","ix":1,"ks":{"a":0,"k":{"i":[[-1.525,0.707],[2.936,-2.248],[0.282,4.238],[0.018,1.168]],"o":[[0.759,3.941],[-2.584,1.977],[-0.135,-2.074],[3.832,1.485]],"v":[[3.201,-5.433],[2.169,3.455],[-4.936,-0.679],[-5.105,-5.348]],"c":true},"ix":2},"nm":"Path 1","mn":"ADBE Vector Shape - Group","hd":false},{"ty":"fl","c":{"a":0,"k":[1,0.573000021542,0.204000001795,1],"ix":4},"o":{"a":0,"k":100,"ix":5},"r":1,"bm":0,"nm":"Fill 1","mn":"ADBE Vector Graphic - Fill","hd":false},{"ty":"tr","p":{"a":0,"k":[5.355,5.683],"ix":2},"a":{"a":0,"k":[0,0],"ix":1},"s":{"a":0,"k":[100,100],"ix":3},"r":{"a":0,"k":0,"ix":6},"o":{"a":0,"k":100,"ix":7},"sk":{"a":0,"k":0,"ix":4},"sa":{"a":0,"k":0,"ix":5},"nm":"Transform"}],"nm":"Group 1","np":2,"cix":2,"bm":0,"ix":1,"mn":"ADBE Vector Group","hd":false}],"ip":0,"op":1341,"st":0,"bm":0},{"ddd":0,"ind":6,"ty":4,"nm":"botinok 2.3","cl":"3","sr":1,"ks":{"o":{"a":0,"k":100,"ix":11},"r":{"a":0,"k":0,"ix":10},"p":{"a":0,"k":[44.033,422.964,0],"ix":2},"a":{"a":0,"k":[4.403,5.378,0],"ix":1},"s":{"a":0,"k":[600,600,100],"ix":6}},"ao":0,"shapes":[{"ty":"gr","it":[{"ind":0,"ty":"sh","ix":1,"ks":{"a":0,"k":{"i":[[0,0],[0,0],[0,0],[0,0]],"o":[[0,0],[0,0],[0,0],[0,0]],"v":[[2.132,-5.128],[4.153,-3.49],[-2.095,5.128],[-4.153,3.458]],"c":true},"ix":2},"nm":"Path 1","mn":"ADBE Vector Shape - Group","hd":false},{"ty":"fl","c":{"a":0,"k":[1,0.573000021542,0.204000001795,1],"ix":4},"o":{"a":0,"k":100,"ix":5},"r":1,"bm":0,"nm":"Fill 1","mn":"ADBE Vector Graphic - Fill","hd":false},{"ty":"tr","p":{"a":0,"k":[4.403,5.378],"ix":2},"a":{"a":0,"k":[0,0],"ix":1},"s":{"a":0,"k":[100,100],"ix":3},"r":{"a":0,"k":0,"ix":6},"o":{"a":0,"k":100,"ix":7},"sk":{"a":0,"k":0,"ix":4},"sa":{"a":0,"k":0,"ix":5},"nm":"Transform"}],"nm":"Group 1","np":2,"cix":2,"bm":0,"ix":1,"mn":"ADBE Vector Group","hd":false}],"ip":0,"op":1341,"st":0,"bm":0},{"ddd":0,"ind":7,"ty":4,"nm":"botinok 2.4","cl":"4","sr":1,"ks":{"o":{"a":0,"k":100,"ix":11},"r":{"a":0,"k":0,"ix":10},"p":{"a":0,"k":[39.089,321.683,0],"ix":2},"a":{"a":0,"k":[5.79,10.566,0],"ix":1},"s":{"a":0,"k":[600,600,100],"ix":6}},"ao":0,"shapes":[{"ty":"gr","it":[{"ind":0,"ty":"sh","ix":1,"ks":{"a":0,"k":{"i":[[0,0],[0,0],[0,0],[0,0]],"o":[[0,0],[0,0],[0,0],[0,0]],"v":[[-5.54,8.679],[-3.519,10.316],[5.54,-8.488],[3.227,-10.316]],"c":true},"ix":2},"nm":"Path 1","mn":"ADBE Vector Shape - Group","hd":false},{"ty":"fl","c":{"a":0,"k":[1,0.573000021542,0.204000001795,1],"ix":4},"o":{"a":0,"k":100,"ix":5},"r":1,"bm":0,"nm":"Fill 1","mn":"ADBE Vector Graphic - Fill","hd":false},{"ty":"tr","p":{"a":0,"k":[5.79,10.567],"ix":2},"a":{"a":0,"k":[0,0],"ix":1},"s":{"a":0,"k":[100,100],"ix":3},"r":{"a":0,"k":0,"ix":6},"o":{"a":0,"k":100,"ix":7},"sk":{"a":0,"k":0,"ix":4},"sa":{"a":0,"k":0,"ix":5},"nm":"Transform"}],"nm":"Group 1","np":2,"cix":2,"bm":0,"ix":1,"mn":"ADBE Vector Group","hd":false}],"ip":0,"op":1341,"st":0,"bm":0},{"ddd":0,"ind":8,"ty":4,"nm":"botinok 3.1","cl":"1","sr":1,"ks":{"o":{"a":0,"k":100,"ix":11},"r":{"a":0,"k":0,"ix":10},"p":{"a":0,"k":[279.697,254.766,0],"ix":2},"a":{"a":0,"k":[8.159,10.743,0],"ix":1},"s":{"a":0,"k":[600,600,100],"ix":6}},"ao":0,"shapes":[{"ty":"gr","it":[{"ind":0,"ty":"sh","ix":1,"ks":{"a":0,"k":{"i":[[-0.074,-0.058],[-0.304,5.923],[4.809,-3.299],[1.253,-2.507],[-3.085,-2.557]],"o":[[6.074,-3.882],[0.307,-5.903],[-2.614,1.795],[-1.792,3.585],[0.078,0.065]],"v":[[-3.779,10.492],[7.602,-2.748],[-1.011,-7.193],[-6.117,-0.224],[-4.007,10.31]],"c":true},"ix":2},"nm":"Path 1","mn":"ADBE Vector Shape - Group","hd":false},{"ty":"fl","c":{"a":0,"k":[1,0.573000021542,0.204000001795,1],"ix":4},"o":{"a":0,"k":100,"ix":5},"r":1,"bm":0,"nm":"Fill 1","mn":"ADBE Vector Graphic - Fill","hd":false},{"ty":"tr","p":{"a":0,"k":[8.159,10.742],"ix":2},"a":{"a":0,"k":[0,0],"ix":1},"s":{"a":0,"k":[100,100],"ix":3},"r":{"a":0,"k":0,"ix":6},"o":{"a":0,"k":100,"ix":7},"sk":{"a":0,"k":0,"ix":4},"sa":{"a":0,"k":0,"ix":5},"nm":"Transform"}],"nm":"Group 1","np":2,"cix":2,"bm":0,"ix":1,"mn":"ADBE Vector Group","hd":false}],"ip":0,"op":1341,"st":0,"bm":0},{"ddd":0,"ind":9,"ty":4,"nm":"botinok 3.2","cl":"2","sr":1,"ks":{"o":{"a":0,"k":100,"ix":11},"r":{"a":0,"k":0,"ix":10},"p":{"a":0,"k":[207.038,326.979,0],"ix":2},"a":{"a":0,"k":[6.077,6.166,0],"ix":1},"s":{"a":0,"k":[600,600,100],"ix":6}},"ao":0,"shapes":[{"ty":"gr","it":[{"ind":0,"ty":"sh","ix":1,"ks":{"a":0,"k":{"i":[[0.472,1.613],[-0.24,-3.689],[-3.377,2.578],[-0.89,0.755]],"o":[[-3.467,2.022],[0.212,3.247],[1.651,-1.263],[-3.639,-1.908]],"v":[[0.425,-5.916],[-5.588,0.711],[2.202,3.338],[5.827,0.392]],"c":true},"ix":2},"nm":"Path 1","mn":"ADBE Vector Shape - Group","hd":false},{"ty":"fl","c":{"a":0,"k":[1,0.573000021542,0.204000001795,1],"ix":4},"o":{"a":0,"k":100,"ix":5},"r":1,"bm":0,"nm":"Fill 1","mn":"ADBE Vector Graphic - Fill","hd":false},{"ty":"tr","p":{"a":0,"k":[6.077,6.166],"ix":2},"a":{"a":0,"k":[0,0],"ix":1},"s":{"a":0,"k":[100,100],"ix":3},"r":{"a":0,"k":0,"ix":6},"o":{"a":0,"k":100,"ix":7},"sk":{"a":0,"k":0,"ix":4},"sa":{"a":0,"k":0,"ix":5},"nm":"Transform"}],"nm":"Group 1","np":2,"cix":2,"bm":0,"ix":1,"mn":"ADBE Vector Group","hd":false}],"ip":0,"op":1341,"st":0,"bm":0},{"ddd":0,"ind":10,"ty":4,"nm":"botinok 3.3","cl":"3","sr":1,"ks":{"o":{"a":0,"k":100,"ix":11},"r":{"a":0,"k":0,"ix":10},"p":{"a":0,"k":[287.412,265.239,0],"ix":2},"a":{"a":0,"k":[6.957,9.274,0],"ix":1},"s":{"a":0,"k":[600,600,100],"ix":6}},"ao":0,"shapes":[{"ty":"gr","it":[{"ind":0,"ty":"sh","ix":1,"ks":{"a":0,"k":{"i":[[0,0],[0,0],[0,0],[0,0]],"o":[[0,0],[0,0],[0,0],[0,0]],"v":[[-6.706,7.058],[-5.339,9.024],[6.706,-6.963],[5.272,-9.024]],"c":true},"ix":2},"nm":"Path 1","mn":"ADBE Vector Shape - Group","hd":false},{"ty":"fl","c":{"a":0,"k":[1,0.573000021542,0.204000001795,1],"ix":4},"o":{"a":0,"k":100,"ix":5},"r":1,"bm":0,"nm":"Fill 1","mn":"ADBE Vector Graphic - Fill","hd":false},{"ty":"tr","p":{"a":0,"k":[6.956,9.275],"ix":2},"a":{"a":0,"k":[0,0],"ix":1},"s":{"a":0,"k":[100,100],"ix":3},"r":{"a":0,"k":0,"ix":6},"o":{"a":0,"k":100,"ix":7},"sk":{"a":0,"k":0,"ix":4},"sa":{"a":0,"k":0,"ix":5},"nm":"Transform"}],"nm":"Group 1","np":2,"cix":2,"bm":0,"ix":1,"mn":"ADBE Vector Group","hd":false}],"ip":0,"op":1341,"st":0,"bm":0},{"ddd":0,"ind":11,"ty":4,"nm":"botinok 3.3","cl":"3","sr":1,"ks":{"o":{"a":0,"k":100,"ix":11},"r":{"a":0,"k":0,"ix":10},"p":{"a":0,"k":[214.031,324.663,0],"ix":2},"a":{"a":0,"k":[6.416,5.78,0],"ix":1},"s":{"a":0,"k":[600,600,100],"ix":6}},"ao":0,"shapes":[{"ty":"gr","it":[{"ty":"fl","c":{"a":0,"k":[1,0.573000021542,0.204000001795,1],"ix":4},"o":{"a":0,"k":100,"ix":5},"r":1,"bm":0,"nm":"Fill 1","mn":"ADBE Vector Graphic - Fill","hd":false},{"ty":"tr","p":{"a":0,"k":[6.416,5.78],"ix":2},"a":{"a":0,"k":[0,0],"ix":1},"s":{"a":0,"k":[100,100],"ix":3},"r":{"a":0,"k":0,"ix":6},"o":{"a":0,"k":100,"ix":7},"sk":{"a":0,"k":0,"ix":4},"sa":{"a":0,"k":0,"ix":5},"nm":"Transform"}],"nm":"Group 1","np":1,"cix":2,"bm":0,"ix":1,"mn":"ADBE Vector Group","hd":false}],"ip":0,"op":1341,"st":0,"bm":0},{"ddd":0,"ind":12,"ty":4,"nm":"botinok 4.1","cl":"1","sr":1,"ks":{"o":{"a":0,"k":100,"ix":11},"r":{"a":0,"k":0,"ix":10},"p":{"a":0,"k":[212.429,93.461,0],"ix":2},"a":{"a":0,"k":[9.594,7.16,0],"ix":1},"s":{"a":0,"k":[600,600,100],"ix":6}},"ao":0,"shapes":[{"ty":"gr","it":[{"ind":0,"ty":"sh","ix":1,"ks":{"a":0,"k":{"i":[[0,0],[0,0],[0,0],[0,0]],"o":[[0,0],[0,0],[0,0],[0,0]],"v":[[-9.344,4.756],[-8.358,6.909],[9.344,-4.049],[8.039,-6.909]],"c":true},"ix":2},"nm":"Path 1","mn":"ADBE Vector Shape - Group","hd":false},{"ty":"fl","c":{"a":0,"k":[1,0.573000021542,0.204000001795,1],"ix":4},"o":{"a":0,"k":100,"ix":5},"r":1,"bm":0,"nm":"Fill 1","mn":"ADBE Vector Graphic - Fill","hd":false},{"ty":"tr","p":{"a":0,"k":[9.594,7.16],"ix":2},"a":{"a":0,"k":[0,0],"ix":1},"s":{"a":0,"k":[100,100],"ix":3},"r":{"a":0,"k":0,"ix":6},"o":{"a":0,"k":100,"ix":7},"sk":{"a":0,"k":0,"ix":4},"sa":{"a":0,"k":0,"ix":5},"nm":"Transform"}],"nm":"Group 1","np":2,"cix":2,"bm":0,"ix":1,"mn":"ADBE Vector Group","hd":false}],"ip":0,"op":1341,"st":0,"bm":0},{"ddd":0,"ind":13,"ty":4,"nm":"botinok 4.2","cl":"2","sr":1,"ks":{"o":{"a":0,"k":100,"ix":11},"r":{"a":0,"k":0,"ix":10},"p":{"a":0,"k":[164.029,185.614,0],"ix":2},"a":{"a":0,"k":[5.563,3.766,0],"ix":1},"s":{"a":0,"k":[600,600,100],"ix":6}},"ao":0,"shapes":[{"ty":"gr","it":[{"ind":0,"ty":"sh","ix":1,"ks":{"a":0,"k":{"i":[[0,0],[0,0],[0,0],[0,0]],"o":[[0,0],[0,0],[0,0],[0,0]],"v":[[-5.313,1.032],[-4.156,3.516],[5.313,-1.364],[4.327,-3.516]],"c":true},"ix":2},"nm":"Path 1","mn":"ADBE Vector Shape - Group","hd":false},{"ty":"fl","c":{"a":0,"k":[1,0.573000021542,0.204000001795,1],"ix":4},"o":{"a":0,"k":100,"ix":5},"r":1,"bm":0,"nm":"Fill 1","mn":"ADBE Vector Graphic - Fill","hd":false},{"ty":"tr","p":{"a":0,"k":[5.563,3.766],"ix":2},"a":{"a":0,"k":[0,0],"ix":1},"s":{"a":0,"k":[100,100],"ix":3},"r":{"a":0,"k":0,"ix":6},"o":{"a":0,"k":100,"ix":7},"sk":{"a":0,"k":0,"ix":4},"sa":{"a":0,"k":0,"ix":5},"nm":"Transform"}],"nm":"Group 1","np":2,"cix":2,"bm":0,"ix":1,"mn":"ADBE Vector Group","hd":false}],"ip":0,"op":1341,"st":0,"bm":0},{"ddd":0,"ind":14,"ty":4,"nm":"botinok 4.2","cl":"2","sr":1,"ks":{"o":{"a":0,"k":100,"ix":11},"r":{"a":0,"k":0,"ix":10},"p":{"a":0,"k":[214.769,86.771,0],"ix":2},"a":{"a":0,"k":[9.984,9.033,0],"ix":1},"s":{"a":0,"k":[600,600,100],"ix":6}},"ao":0,"shapes":[{"ty":"gr","it":[{"ind":0,"ty":"sh","ix":1,"ks":{"a":0,"k":{"i":[[0.069,0.064],[-5.794,1.266],[2.471,-5.283],[2.27,-1.646],[3.027,2.627]],"o":[[2.839,-6.626],[5.773,-1.265],[-1.345,2.871],[-3.244,2.352],[-0.075,-0.066]],"v":[[-9.734,5.871],[1.473,-7.517],[7.263,0.256],[1.22,6.431],[-9.517,6.066]],"c":true},"ix":2},"nm":"Path 1","mn":"ADBE Vector Shape - Group","hd":false},{"ty":"fl","c":{"a":0,"k":[1,0.573000021542,0.204000001795,1],"ix":4},"o":{"a":0,"k":100,"ix":5},"r":1,"bm":0,"nm":"Fill 1","mn":"ADBE Vector Graphic - Fill","hd":false},{"ty":"tr","p":{"a":0,"k":[9.984,9.033],"ix":2},"a":{"a":0,"k":[0,0],"ix":1},"s":{"a":0,"k":[100,100],"ix":3},"r":{"a":0,"k":0,"ix":6},"o":{"a":0,"k":100,"ix":7},"sk":{"a":0,"k":0,"ix":4},"sa":{"a":0,"k":0,"ix":5},"nm":"Transform"}],"nm":"Group 1","np":2,"cix":2,"bm":0,"ix":1,"mn":"ADBE Vector Group","hd":false}],"ip":0,"op":1341,"st":0,"bm":0},{"ddd":0,"ind":15,"ty":4,"nm":"botinok 4.3","cl":"3","sr":1,"ks":{"o":{"a":0,"k":100,"ix":11},"r":{"a":0,"k":0,"ix":10},"p":{"a":0,"k":[155.753,173.612,0],"ix":2},"a":{"a":0,"k":[5.956,6.067,0],"ix":1},"s":{"a":0,"k":[600,600,100],"ix":6}},"ao":0,"shapes":[{"ty":"gr","it":[{"ind":0,"ty":"sh","ix":1,"ks":{"a":0,"k":{"i":[[-1.669,-0.202],[3.68,-0.365],[-1.993,3.751],[-0.6,1.002]],"o":[[-1.431,3.75],[-3.238,0.321],[0.977,-1.835],[2.475,3.28]],"v":[[5.707,-1.516],[0.148,5.496],[-3.714,-1.759],[-1.398,-5.817]],"c":true},"ix":2},"nm":"Path 1","mn":"ADBE Vector Shape - Group","hd":false},{"ty":"fl","c":{"a":0,"k":[1,0.573000021542,0.204000001795,1],"ix":4},"o":{"a":0,"k":100,"ix":5},"r":1,"bm":0,"nm":"Fill 1","mn":"ADBE Vector Graphic - Fill","hd":false},{"ty":"tr","p":{"a":0,"k":[5.956,6.068],"ix":2},"a":{"a":0,"k":[0,0],"ix":1},"s":{"a":0,"k":[100,100],"ix":3},"r":{"a":0,"k":0,"ix":6},"o":{"a":0,"k":100,"ix":7},"sk":{"a":0,"k":0,"ix":4},"sa":{"a":0,"k":0,"ix":5},"nm":"Transform"}],"nm":"Group 1","np":2,"cix":2,"bm":0,"ix":1,"mn":"ADBE Vector Group","hd":false}],"ip":0,"op":1341,"st":0,"bm":0}]}],"layers":[{"ddd":0,"ind":1,"ty":3,"nm":"Null 10","sr":1,"ks":{"o":{"a":0,"k":0,"ix":11},"r":{"a":0,"k":0,"ix":10},"p":{"a":0,"k":[1500,1175,0],"ix":2},"a":{"a":0,"k":[0,0,0],"ix":1},"s":{"a":0,"k":[200,200,100],"ix":6}},"ao":0,"ip":0,"op":1341,"st":0,"bm":0},{"ddd":0,"ind":2,"ty":0,"nm":"Pre-comp 9","parent":1,"refId":"comp_0","sr":1,"ks":{"o":{"a":0,"k":100,"ix":11},"r":{"a":0,"k":0,"ix":10},"p":{"a":0,"k":[0,0,0],"ix":2},"a":{"a":0,"k":[750,587.5,0],"ix":1},"s":{"a":0,"k":[100,100,100],"ix":6}},"ao":0,"hasMask":true,"masksProperties":[{"inv":false,"mode":"a","pt":{"a":0,"k":{"i":[[302.652,0],[0,-302.652],[-302.652,0],[0,302.652]],"o":[[-302.652,0],[0,302.652],[302.652,0],[0,-302.652]],"v":[[748,42],[200,590],[748,1138],[1296,590]],"c":true},"ix":1},"o":{"a":0,"k":100,"ix":3},"x":{"a":0,"k":0,"ix":4},"nm":"Mask 1"}],"w":1500,"h":1175,"ip":0,"op":1341,"st":0,"bm":0},{"ddd":0,"ind":3,"ty":4,"nm":"Heart","parent":1,"sr":1,"ks":{"o":{"a":0,"k":100,"ix":11},"r":{"a":1,"k":[{"i":{"x":[0],"y":[1]},"o":{"x":[0.167],"y":[0.167]},"t":103,"s":[62]},{"t":141,"s":[0]}],"ix":10},"p":{"a":0,"k":[279.987,-109.398,0],"ix":2},"a":{"a":0,"k":[17.312,39.969,0],"ix":1},"s":{"a":1,"k":[{"i":{"x":[0,0,0.667],"y":[1,1,1]},"o":{"x":[0.167,0.167,0.167],"y":[0.167,0.167,0]},"t":103,"s":[0,0,100]},{"t":141,"s":[600,600,100]}],"ix":6}},"ao":0,"shapes":[{"ty":"gr","it":[{"ind":0,"ty":"sh","ix":1,"ks":{"a":0,"k":{"i":[[0,0],[0,0],[0,0],[0,0],[0,0],[0,0],[0,0]],"o":[[0,0],[0,0],[0,0],[0,0],[0,0],[0,0],[0,0]],"v":[[-2.518,-0.962],[-1.314,3.424],[-3.706,5.535],[0.707,3.355],[-0.009,-1.047],[3.706,-4.151],[2.469,-5.535]],"c":true},"ix":2},"nm":"Path 1","mn":"ADBE Vector Shape - Group","hd":false},{"ty":"fl","c":{"a":0,"k":[0.301999978458,0.501999978458,0.894000004787,1],"ix":4},"o":{"a":0,"k":100,"ix":5},"r":1,"bm":0,"nm":"Fill 1","mn":"ADBE Vector Graphic - Fill","hd":false},{"ty":"tr","p":{"a":0,"k":[28.664,19.988],"ix":2},"a":{"a":0,"k":[1.667,-3.625],"ix":1},"s":{"a":1,"k":[{"i":{"x":[0,0],"y":[1,1]},"o":{"x":[0.167,0.167],"y":[0.167,0.167]},"t":145,"s":[0,0]},{"t":167,"s":[100,100]}],"ix":3},"r":{"a":0,"k":0,"ix":6},"o":{"a":0,"k":100,"ix":7},"sk":{"a":0,"k":0,"ix":4},"sa":{"a":0,"k":0,"ix":5},"nm":"Transform"}],"nm":"Group 1","np":2,"cix":2,"bm":0,"ix":1,"mn":"ADBE Vector Group","hd":false},{"ty":"gr","it":[{"ind":0,"ty":"sh","ix":1,"ks":{"a":0,"k":{"i":[[0.23,0.133],[0.063,0.261],[0,0],[0.038,0.166],[0.046,0.371],[-0.001,0.359],[-0.101,0.459],[-0.222,0.382],[-1.102,0.305],[-1.196,-0.694],[-0.284,-0.33],[-0.18,-0.377],[-0.105,-0.289],[-0.046,-0.154],[-0.159,0.028],[-0.396,0.03],[-0.416,-0.08],[-0.343,-0.198],[-0.282,-1.108],[0.71,-1.225],[1.905,-0.551],[0,0]],"o":[[-0.23,-0.135],[0,0],[-0.016,-0.04],[-0.035,-0.15],[-0.048,-0.367],[0.002,-0.372],[0.105,-0.473],[0.71,-1.225],[1.104,-0.305],[0.343,0.199],[0.278,0.321],[0.17,0.358],[0.055,0.15],[0.157,-0.036],[0.302,-0.051],[0.416,-0.032],[0.426,0.083],[1.195,0.694],[0.284,1.109],[-0.713,1.229],[0,0],[-0.251,0.071]],"v":[[-5.025,7.525],[-5.475,6.92],[-7.543,-0.046],[-7.633,-0.375],[-7.755,-1.156],[-7.827,-2.251],[-7.671,-3.503],[-7.177,-4.791],[-4.28,-7.385],[-0.814,-6.799],[0.129,-6.003],[0.817,-4.95],[1.229,-3.979],[1.38,-3.523],[1.854,-3.619],[2.9,-3.742],[4.155,-3.669],[5.315,-3.245],[7.543,-0.529],[6.733,3.276],[2.788,5.959],[-4.286,7.619]],"c":true},"ix":2},"nm":"Path 1","mn":"ADBE Vector Shape - Group","hd":false},{"ty":"fl","c":{"a":0,"k":[1,1,1,1],"ix":4},"o":{"a":0,"k":100,"ix":5},"r":1,"bm":0,"nm":"Fill 1","mn":"ADBE Vector Graphic - Fill","hd":false},{"ty":"tr","p":{"a":0,"k":[27.372,23.658],"ix":2},"a":{"a":0,"k":[0,0],"ix":1},"s":{"a":1,"k":[{"i":{"x":[0.833,0.833],"y":[0.833,0.833]},"o":{"x":[0.333,0.333],"y":[0,0]},"t":124,"s":[100,100]},{"i":{"x":[0.833,0.833],"y":[0.833,0.833]},"o":{"x":[0.167,0.167],"y":[0.167,0.167]},"t":132,"s":[76,76]},{"i":{"x":[0.833,0.833],"y":[0.833,0.833]},"o":{"x":[0.333,0.333],"y":[0,0]},"t":138,"s":[100,100]},{"i":{"x":[0.11,0.11],"y":[1,1]},"o":{"x":[0.167,0.167],"y":[0.167,0.167]},"t":145,"s":[76,76]},{"t":166,"s":[100,100]}],"ix":3},"r":{"a":0,"k":0,"ix":6},"o":{"a":0,"k":100,"ix":7},"sk":{"a":0,"k":0,"ix":4},"sa":{"a":0,"k":0,"ix":5},"nm":"Transform"}],"nm":"Group 2","np":2,"cix":2,"bm":0,"ix":2,"mn":"ADBE Vector Group","hd":false},{"ty":"gr","it":[{"ind":0,"ty":"sh","ix":1,"ks":{"a":0,"k":{"i":[[3.202,1.857],[0,0],[1.857,-3.201],[0,0],[-3.202,-1.857],[0,0],[-0.902,-0.523],[-3.578,0.766],[0,0],[-1.857,3.202],[0,0]],"o":[[0,0],[-3.202,-1.857],[0,0],[-1.858,3.202],[0,0],[1.171,3.943],[0.878,0.509],[0,0],[3.203,1.857],[0,0],[1.857,-3.202]],"v":[[17.811,-4.653],[-4.792,-17.76],[-13.989,-15.315],[-20.254,-4.545],[-17.809,4.653],[-11.312,8.438],[-8.917,15.855],[-1.294,14.247],[4.793,17.76],[13.991,15.314],[20.255,4.545]],"c":true},"ix":2},"nm":"Path 1","mn":"ADBE Vector Shape - Group","hd":false},{"ty":"fl","c":{"a":0,"k":[0.301999978458,0.501999978458,0.894000004787,1],"ix":4},"o":{"a":0,"k":100,"ix":5},"r":1,"bm":0,"nm":"Fill 1","mn":"ADBE Vector Graphic - Fill","hd":false},{"ty":"tr","p":{"a":0,"k":[26.532,23.97],"ix":2},"a":{"a":0,"k":[0,0],"ix":1},"s":{"a":0,"k":[100,100],"ix":3},"r":{"a":0,"k":0,"ix":6},"o":{"a":0,"k":100,"ix":7},"sk":{"a":0,"k":0,"ix":4},"sa":{"a":0,"k":0,"ix":5},"nm":"Transform"}],"nm":"Group 3","np":2,"cix":2,"bm":0,"ix":3,"mn":"ADBE Vector Group","hd":false},{"ty":"gr","it":[{"ind":0,"ty":"sh","ix":1,"ks":{"a":0,"k":{"i":[[0,0],[0,0],[-1.532,-0.13],[-2.009,3.466],[0,0],[4.967,2.88],[0,0],[1.532,0.131],[2.011,-3.466],[0,0],[-0.715,-2.691],[-2.398,-1.392],[0,0],[0,0],[-0.138,-0.564],[-1.951,-1.132],[-0.703,-0.06],[-2.013,0.575],[0,0],[0,0],[-0.631,0.166]],"o":[[0,0],[1.335,0.775],[4.009,0.346],[0,0],[2.879,-4.966],[0,0],[-1.334,-0.773],[-4.009,-0.337],[0,0],[-1.393,2.401],[0.715,2.69],[0,0],[0,0],[0.168,0.635],[0.723,2.949],[0.572,0.33],[1.378,0.117],[0,0],[0,0],[0.573,-0.164],[0,0]],"v":[[-2.481,18.335],[2.332,21.112],[6.653,22.476],[16.561,17.334],[22.83,6.56],[19.045,-7.67],[-3.557,-20.778],[-7.877,-22.14],[-17.786,-16.998],[-24.053,-6.223],[-25.105,1.673],[-20.277,8.002],[-15.067,11.037],[-15.012,11.246],[-14.56,13.046],[-11.377,19.209],[-9.456,19.797],[-4.608,18.924],[-4.364,19.395],[-4.506,18.895],[-2.688,18.389]],"c":true},"ix":2},"nm":"Path 1","mn":"ADBE Vector Shape - Group","hd":false},{"ind":1,"ty":"sh","ix":2,"ks":{"a":0,"k":{"i":[[4.056,0],[0.324,0.027],[1.468,0.851],[0,0],[0.504,-0.145],[0,0],[1.572,0.138],[0.705,0.409],[0.709,2.895],[0.143,0.554],[0,0],[0.786,2.959],[-1.532,2.642],[0,0],[-4.407,-0.377],[-1.467,-0.851],[0,0],[3.167,-5.462],[0,0]],"o":[[-0.323,0],[-1.687,-0.144],[0,0],[-0.551,0.148],[0,0],[-2.119,0.605],[-0.857,-0.072],[-2.334,-1.353],[-0.136,-0.555],[0,0],[-2.638,-1.53],[-0.786,-2.958],[0,0],[2.211,-3.812],[1.687,0.144],[0,0],[5.462,3.168],[0,0],[-2.046,3.531]],"v":[[7.535,23.552],[6.565,23.511],[1.812,22.012],[-2.63,19.448],[-4.22,19.894],[-4.322,19.923],[-9.543,20.832],[-11.897,20.107],[-15.552,13.359],[-15.962,11.718],[-20.799,8.9],[-26.109,1.939],[-24.952,-6.745],[-18.684,-17.52],[-7.79,-23.175],[-3.036,-21.676],[19.567,-8.569],[23.728,7.081],[17.459,17.856]],"c":true},"ix":2},"nm":"Path 2","mn":"ADBE Vector Shape - Group","hd":false},{"ty":"fl","c":{"a":0,"k":[0.122000002394,0.301999978458,0.611999990426,1],"ix":4},"o":{"a":0,"k":100,"ix":5},"r":1,"bm":0,"nm":"Fill 1","mn":"ADBE Vector Graphic - Fill","hd":false},{"ty":"tr","p":{"a":0,"k":[27.145,23.802],"ix":2},"a":{"a":0,"k":[0,0],"ix":1},"s":{"a":1,"k":[{"i":{"x":[0,0],"y":[1,1]},"o":{"x":[0.167,0.167],"y":[0.167,0.167]},"t":110,"s":[71,71]},{"t":130,"s":[100,100]}],"ix":3},"r":{"a":0,"k":0,"ix":6},"o":{"a":0,"k":100,"ix":7},"sk":{"a":0,"k":0,"ix":4},"sa":{"a":0,"k":0,"ix":5},"nm":"Transform"}],"nm":"Group 4","np":3,"cix":2,"bm":0,"ix":4,"mn":"ADBE Vector Group","hd":false}],"ip":17,"op":1358,"st":17,"bm":0},{"ddd":0,"ind":4,"ty":0,"nm":"Pre-comp 8","parent":1,"refId":"comp_3","sr":1,"ks":{"o":{"a":0,"k":100,"ix":11},"r":{"a":0,"k":0,"ix":10},"p":{"a":0,"k":[98,-383,0],"ix":2},"a":{"a":0,"k":[848,204.5,0],"ix":1},"s":{"a":1,"k":[{"i":{"x":[0,0,0.667],"y":[1,1,1]},"o":{"x":[0.167,0.167,0.167],"y":[0.167,0.167,0]},"t":49,"s":[100,100,100]},{"i":{"x":[0.833,0.833,0.833],"y":[0.833,0.833,0.833]},"o":{"x":[0.167,0.167,0.167],"y":[0.167,0.167,0.167]},"t":55,"s":[90,90,100]},{"i":{"x":[0.833,0.833,0.833],"y":[1,1,1]},"o":{"x":[0.333,0.333,0.333],"y":[0,0,0]},"t":56,"s":[90,90,100]},{"t":62,"s":[100,100,100]}],"ix":6}},"ao":0,"hasMask":true,"masksProperties":[{"inv":false,"mode":"a","pt":{"a":0,"k":{"i":[[0,0],[0,0],[0,0],[0,0]],"o":[[0,0],[0,0],[0,0],[0,0]],"v":[[942,107],[725,107],[725,265],[942,265]],"c":true},"ix":1},"o":{"a":0,"k":100,"ix":3},"x":{"a":0,"k":0,"ix":4},"nm":"Mask 1"}],"w":1500,"h":1175,"ip":50,"op":1350,"st":9,"bm":0},{"ddd":0,"ind":5,"ty":0,"nm":"Pre-comp 8","parent":1,"refId":"comp_3","sr":1,"ks":{"o":{"a":0,"k":100,"ix":11},"r":{"a":0,"k":0,"ix":10},"p":{"a":0,"k":[-160,-338,0],"ix":2},"a":{"a":0,"k":[590,249.5,0],"ix":1},"s":{"a":1,"k":[{"i":{"x":[0,0,0.667],"y":[1,1,1]},"o":{"x":[0.167,0.167,0.167],"y":[0.167,0.167,0]},"t":36,"s":[100,100,100]},{"i":{"x":[0.833,0.833,0.833],"y":[0.833,0.833,0.833]},"o":{"x":[0.167,0.167,0.167],"y":[0.167,0.167,0.167]},"t":42,"s":[90,90,100]},{"i":{"x":[0.833,0.833,0.833],"y":[1,1,1]},"o":{"x":[0.333,0.333,0.333],"y":[0,0,0]},"t":43,"s":[90,90,100]},{"t":49,"s":[100,100,100]}],"ix":6}},"ao":0,"hasMask":true,"masksProperties":[{"inv":false,"mode":"a","pt":{"a":0,"k":{"i":[[0,0],[0,0],[0,0],[0,0]],"o":[[0,0],[0,0],[0,0],[0,0]],"v":[[674,108],[506,108],[512,383],[677,286]],"c":true},"ix":1},"o":{"a":0,"k":100,"ix":3},"x":{"a":0,"k":0,"ix":4},"nm":"Mask 1"}],"w":1500,"h":1175,"ip":37,"op":1350,"st":9,"bm":0},{"ddd":0,"ind":6,"ty":0,"nm":"Pre-comp 8","parent":1,"refId":"comp_3","sr":1,"ks":{"o":{"a":0,"k":100,"ix":11},"r":{"a":0,"k":0,"ix":10},"p":{"a":0,"k":[-95,-78,0],"ix":2},"a":{"a":0,"k":[655,509.5,0],"ix":1},"s":{"a":1,"k":[{"i":{"x":[0,0,0.667],"y":[1,1,1]},"o":{"x":[0.167,0.167,0.167],"y":[0.167,0.167,0]},"t":22,"s":[100,100,100]},{"i":{"x":[0.833,0.833,0.833],"y":[0.833,0.833,0.833]},"o":{"x":[0.167,0.167,0.167],"y":[0.167,0.167,0.167]},"t":28,"s":[90,90,100]},{"i":{"x":[0.833,0.833,0.833],"y":[1,1,1]},"o":{"x":[0.333,0.333,0.333],"y":[0,0,0]},"t":29,"s":[90,90,100]},{"t":35,"s":[100,100,100]}],"ix":6}},"ao":0,"hasMask":true,"masksProperties":[{"inv":false,"mode":"a","pt":{"a":0,"k":{"i":[[0,0],[0,0],[0,0],[0,0]],"o":[[0,0],[0,0],[0,0],[0,0]],"v":[[759,289],[609,314],[529,496],[770,498]],"c":true},"ix":1},"o":{"a":0,"k":100,"ix":3},"x":{"a":0,"k":0,"ix":4},"nm":"Mask 1"}],"w":1500,"h":1175,"ip":23,"op":1350,"st":9,"bm":0},{"ddd":0,"ind":7,"ty":0,"nm":"Pre-comp 8","parent":1,"refId":"comp_3","sr":1,"ks":{"o":{"a":0,"k":100,"ix":11},"r":{"a":0,"k":0,"ix":10},"p":{"a":0,"k":[-310.5,-118,0],"ix":2},"a":{"a":0,"k":[439.5,469.5,0],"ix":1},"s":{"a":1,"k":[{"i":{"x":[0,0,0.667],"y":[1,1,1]},"o":{"x":[0.167,0.167,0.167],"y":[0.167,0.167,0]},"t":9,"s":[100,100,100]},{"i":{"x":[0.833,0.833,0.833],"y":[0.833,0.833,0.833]},"o":{"x":[0.167,0.167,0.167],"y":[0.167,0.167,0.167]},"t":15,"s":[90,90,100]},{"i":{"x":[0.833,0.833,0.833],"y":[1,1,1]},"o":{"x":[0.333,0.333,0.333],"y":[0,0,0]},"t":16,"s":[90,90,100]},{"t":22,"s":[100,100,100]}],"ix":6}},"ao":0,"hasMask":true,"masksProperties":[{"inv":false,"mode":"a","pt":{"a":0,"k":{"i":[[0,0],[0,0],[0,0],[0,0]],"o":[[0,0],[0,0],[0,0],[0,0]],"v":[[511,351],[368,351],[368,588],[511,588]],"c":true},"ix":1},"o":{"a":0,"k":100,"ix":3},"x":{"a":0,"k":0,"ix":4},"nm":"Mask 1"}],"w":1500,"h":1175,"ip":9,"op":1350,"st":9,"bm":0},{"ddd":0,"ind":8,"ty":4,"nm":"blue circle background ","parent":1,"sr":1,"ks":{"o":{"a":0,"k":100,"ix":11},"r":{"a":0,"k":0,"ix":10},"p":{"a":0,"k":[-52.735,48.674,0],"ix":2},"a":{"a":0,"k":[88.16,73.957,0],"ix":1},"s":{"a":1,"k":[{"i":{"x":[0,0,0.667],"y":[1,1,1]},"o":{"x":[0,0,0.167],"y":[0,0,0]},"t":0,"s":[0,0,100]},{"t":41,"s":[600,600,100]}],"ix":6}},"ao":0,"shapes":[{"ty":"gr","it":[{"ind":0,"ty":"sh","ix":1,"ks":{"a":0,"k":{"i":[[-18.192,10.325],[-6.075,18.954],[11.514,15.664],[21.075,4.803],[20.189,-6.029],[-13.839,-27.11],[-18.063,-6.389]],"o":[[16.985,-9.106],[6.185,-19.294],[-13.194,-17.95],[-21.769,-4.962],[-43.655,13.034],[8.437,16.529],[19.729,6.976]],"v":[[41.367,60.932],[81.725,18.389],[68.488,-37.501],[11.347,-54.578],[-44.255,-67.678],[-59.684,29.334],[-21.885,66.731]],"c":true},"ix":2},"nm":"Path 1","mn":"ADBE Vector Shape - Group","hd":false},{"ty":"fl","c":{"a":0,"k":[0.808000033509,0.905999995213,0.929000016755,1],"ix":4},"o":{"a":0,"k":100,"ix":5},"r":1,"bm":0,"nm":"Fill 1","mn":"ADBE Vector Graphic - Fill","hd":false},{"ty":"tr","p":{"a":0,"k":[88.16,73.957],"ix":2},"a":{"a":0,"k":[0,0],"ix":1},"s":{"a":0,"k":[100,100],"ix":3},"r":{"a":0,"k":0,"ix":6},"o":{"a":0,"k":100,"ix":7},"sk":{"a":0,"k":0,"ix":4},"sa":{"a":0,"k":0,"ix":5},"nm":"Transform"}],"nm":"Group 1","np":2,"cix":2,"bm":0,"ix":1,"mn":"ADBE Vector Group","hd":false}],"ip":0,"op":1342,"st":1,"bm":0}],"markers":[]}